ID1,ID2,Date,Length,Sequence,Country,Continent,GenType
>UZA-UA-8350,EPI_ISL_940774,2021-01-22,61,mfhlvdfqvtiaeilliimrtfkvsiwnldyiinliiknlsksltenkysqldeeqpmeid,Belgium,europe,Human
>UZA-UA-CV0614875118,EPI_ISL_1097311,2021-01-30,61,mfhlvdfqvtiaeilliimrtfkvsiwnldyiinliiknlsksltenkysqldeeqpmeid,Belgium,europe,Human
>UZA-UA-2735,EPI_ISL_960831,2021-01-13,61,mfhlvdfqvtiaeilliimrtfkvsiwnldyiinliiknlsksltenkysqldeeqpmeid,Belgium,europe,Human
>NOTT-250C83,EPI_ISL_1178570,2021-02-26,61,mfhlvdfqvtiaeilliimrtfkvsiwnldyiinliiknlsksltenkysqldeeqpmeid,England,europe,Human
>NOTT-2518BB,EPI_ISL_1178665,2021-02-15,61,mfhlvdfqvtiaeilliimrtfkvsiwnldyiinliiknlsksltenkysqldeeqpmeid,England,europe,Human
>MILK-12C63EA,EPI_ISL_1178071,2021-02-16,61,mfhlvdfqvtiaeilliimrtfkvsiwnldyiinliiknlsksltenkysqldeeqpmeid,England,europe,Human
>PORT-1E78DA1,EPI_ISL_1179744,2021-02-16,61,mfhlvdfqvtiaeilliimrtfkvsiwnldyiinliiknlsksltenkysqldeeqpmeid,England,europe,Human
>RAND-1218E51,EPI_ISL_1179997,2021-01-28,61,mfhlvdfqvtiaeilliimrtfkvsiwnldyiinliiknlsksltenkysqldeeqpmeid,England,europe,Human
>NORT-290364,EPI_ISL_1178364,2021-01-11,61,mfhlvdfqvtiaeilliimrtfkvsiwnldyiinliiknlsksltenkysqldeeqpmeid,England,europe,Human
>PORT-2F062D,EPI_ISL_1179879,2021-02-21,61,mfhlvdfqvtiaeilliimrtfkvsiwnldyiinliiknlsksltenkysqldeeqpmeid,England,europe,Human
>PORT-1E6E658,EPI_ISL_1179694,2021-02-14,61,mfhlvdfqvtiaeilliimrtfkvsiwnldyiinliiknlsksltenkysqldeeqpmeid,England,europe,Human
>PORT-2ED720,EPI_ISL_1179847,2021-00-00,61,mfhlvdfqvtiaeilliimrtfkvsiwnldyiinliiknlsksltenkysqldeeqpmeid,England,europe,Human
>NC-IBV-97019763,EPI_ISL_1179715,2021-02-11,61,mfhlvdfqvtiaeilliimrtfkvsiwnldyiinliiknlsksltenkysqldeeqpmeid,Spain,europe,Human
>LOND-12F8A9F,EPI_ISL_1178020,2021-02-24,61,mfhlvdfqvtiaeilliimrtfkvsiwnldyiinliiknlsksltenkysqldeeqpmeid,England,europe,Human
>NORT-1BB5FE1,EPI_ISL_1178335,2021-01-06,61,mfhlvdfqvtiaeilliimrtfkfsiwnldyiinliiknlsksltenkysqldeeqpmeid,England,europe,Human
>NORW-22D162,EPI_ISL_1178521,2021-02-13,61,mfhlvdfqvtiaeilliimrtfkvsiwnldyiinliiknlsksltenkysqldeeqpmeid,England,europe,Human
>NOTT-25162A,EPI_ISL_1178634,2021-02-17,61,mfhlvdfqvtiaeilliimrtfkvsiwnldyiinliiknlsksltenkysqldeeqpmeid,England,europe,Human
>TFCI-2706E8B,EPI_ISL_1180134,2021-03-02,61,mfhlvdfqvtiaeilliimrtfkvsiwnldyiinliiknlsksltenkysqldeeqpmeid,England,europe,Human
>PORT-2DA4D4,EPI_ISL_1179828,2021-01-29,61,mfhlvdfqvtiaeilliimrtfkvsiwnldyiinliiknlsksltenkysqldeeqpmeid,England,europe,Human
>PORT-1E791D1,EPI_ISL_1179816,2021-02-19,61,mfhlvdfqvtiaeilliimrtfkvsiwnldyiinliiknlsksltenkysqldeeqpmeid,England,europe,Human
>NORT-1B8F36C,EPI_ISL_1178216,2021-01-26,61,mfhlvdfqvtiaeilliimrtfkvsiwnldyiinliiknlsksltenkysqldeeqpmeid,England,europe,Human
>MILK-1320462,EPI_ISL_1178103,2021-02-20,61,mfhlvdfqvtiaeilliimrtfkvsiwnldyiinliiknlsksltenkysqldeeqpmeid,England,europe,Human
>RAND-1218FC7,EPI_ISL_1180017,2021-01-27,61,mfhlvdfqvtiaeilliimrtfkvsiwnldyiinliiknlsksltenkysqldeeqpmeid,England,europe,Human
>RAND-12190D2,EPI_ISL_1180029,2021-01-28,61,mfhlvdfqvtiaeilliimrtfkvsiwnldyiinliiknlsksltenkysqldeeqpmeid,England,europe,Human
>NORT-29065C,EPI_ISL_1178402,2021-01-10,61,mfhlvdfqvtiaeilliimrtfkvsiwnldyiinliiknlsksltenkysqldeeqpmeid,England,europe,Human
>RAND-1218510,EPI_ISL_1179935,2021-01-27,61,mfhlvdfqvtiaeilliimrtfkvsiwnldyiinliiknlsksltenkysqldeeqpmeid,England,europe,Human
>RAND-1219351,EPI_ISL_1180046,2021-01-29,61,mfhlvdfqvtiaeilliimrtfkvsiwnldyiinliiknlsksltenkysqldeeqpmeid,Northern Ireland,europe,Human
>NORW-22B45C,EPI_ISL_1178453,2021-01-27,61,mfhlvdfqvtiaeilliimrtfkvsiwnldyiinliiknlsksltenkysqldeeqpmeid,England,europe,Human
>SHEF-10CF7E7,EPI_ISL_1180078,2021-02-28,61,mfhlvdfqvtiaeilliimrtfkvsiwnldyiinliiknlsksltenkysqldeeqpmeid,England,europe,Human
>PORT-1E6E3AC,EPI_ISL_1179659,2021-02-12,61,mfhlvdfqvtiaeilliimrtfkvsiwnldyiinliiknlsksltenkysqldeeqpmeid,England,europe,Human
>NORT-1B99BB2,EPI_ISL_1178247,2021-01-20,61,mfhlvdfqvtiaeilliimrtfkvsiwnldyiinliiknlsksltenkysqldeeqpmeid,England,europe,Human
>PORT-1E6E421,EPI_ISL_1179667,2021-02-12,61,mfhlvdfqvtiaeilliimrtfkvsiwnldyiinliiknlsksltenkysqldeeqpmeid,England,europe,Human
>NORT-1B8E840,EPI_ISL_1178152,2021-01-30,61,mfhlvdfqvtiaeilliimrtfkvsiwnldyiinliiknlsksltenkysqldeeqpmeid,England,europe,Human
>RAND-121898D,EPI_ISL_1179964,2021-01-28,61,mfhlvdfqvtiaeilliimrtfkvsiwnldyiinliiknlsksltenkysqldeeqpmeid,England,europe,Human
>MILK-12C66C3,EPI_ISL_1178082,2021-02-15,61,mfhlvdfqvtiaeilliimrtfkvsiwnldyiinliiknlsksltenkysqldeeqpmeid,England,europe,Human
>NC-IBV-97020604,EPI_ISL_1179789,2020-09-01,61,mfhlvdfqvtiaeilliimrtfkvsiwnldyiinliiknlsksltenkysqldeeqpmeid,Spain,europe,Human
>NOTT-250F8A,EPI_ISL_1178583,2021-02-23,61,mfhlvdfqvtiaeilliimrtfkvsiwnldyiinliiknlsksltenkysqldeeqpmeid,England,europe,Human
>NOTT-251C0A,EPI_ISL_1178696,2021-02-22,61,mfhlvdfqvtiaeilliimrtfkvsiwnldyiinliiknlsksltenkysqldeeqpmeid,England,europe,Human
>NOTT-2516EE,EPI_ISL_1178644,2021-02-19,61,mfhlvdfqvtiaeilliimrtfkvsiwnldyiinliiknlsksltenkysqldeeqpmeid,England,europe,Human
>SAR-0030,EPI_ISL_1180144,2021-02-27,61,mfhlvdfqvtiaeilliimrtfkvsiwnldyiinliiknlsksltenkysqldeeqpmeid,Italy,europe,Human
>NORW-22D469,EPI_ISL_1178551,2021-02-20,61,mfhlvdfqvtiaeilliimrtfkvsiwnldyiinliiknlsksltenkysqldeeqpmeid,England,europe,Human
>RAND-1218DBE,EPI_ISL_1179988,2021-01-28,61,mfhlvdfqvtiaeilliimrtfkvsiwnldyiinliiknlsksltenkysqldeeqpmeid,England,europe,Human
>NORT-1BB6092,EPI_ISL_1178345,2021-01-05,61,mfhlvdfqvtiaeilliimrtfkvsiwnldyiinliiknlsksltenkysqldeeqpmeid,England,europe,Human
>PORT-1E78EEA,EPI_ISL_1179765,2021-02-17,61,mfhlvdfqvtiaeilliimrtfkvsiwnldyiinliiknlsksltenkysqldeeqpmeid,England,europe,Human
>LOND-1336821,EPI_ISL_1178050,2021-02-25,61,mfhlvdfqvtiaeilliimrtfkvsiwnldyiinliiknlsksltenkysqldeeqpmeid,England,europe,Human
>LIVE-DFFF91,EPI_ISL_1177903,2021-02-12,61,mfhlvdfqvtiaeilliimrtfkvsiwnldyiinliiknlsksltenkysqldeeqpmeid,England,europe,Human
>PORT-2F046F,EPI_ISL_1179866,2021-02-21,61,mfhlvdfqvtiaeilliimrtfkvsiwnldyiinliiknlsksltenkysqldeeqpmeid,England,europe,Human
>NORT-1B8ED41,EPI_ISL_1178180,2021-01-20,61,mfhlvdfqvtiaeilliimrtfkvsiwnldyiinliiknlsksltenkysqldeeqpmeid,England,europe,Human
>PORT-2F03EA,EPI_ISL_1179858,2021-02-24,61,mfhlvdfqvtiaeilliimrtfkvsiwnldyiinliiknlsksltenkysqldeeqpmeid,England,europe,Human
>NORT-1BAF357,EPI_ISL_1178295,2021-01-19,61,mfhlvdfqvtiaeilliimrtfkvsiwnldyiinliiknlsksltenkysqldeeqpmeid,England,europe,Human
>NORW-22BD7F,EPI_ISL_1178481,2021-01-23,61,mfhlvdfqvtiaeilliimrtfkvsiwnldyiinliiknlsksltenkysqldeeqpmeid,England,europe,Human
>SHEF-10D4E9F,EPI_ISL_1180094,2021-03-01,61,mfhlvdfqvtiaeilliimrtfkvsiwnldyiinliiknlsksltenkysqldeeqpmeid,England,europe,Human
>NORT-1BAF533,EPI_ISL_1178314,2021-01-20,61,mfhlvdfqvtiaeilliimrtfkvsiwnldyiinliiknlsksltenkysqldeeqpmeid,England,europe,Human
>LOND-128A582,EPI_ISL_1178001,2021-02-17,61,mfhlvdfqvtiaeilliimrtfkvsiwnldyiinliiknlsksltenkysqldeeqpmeid,England,europe,Human
>PORT-1E78CE0,EPI_ISL_1179734,2021-00-00,61,mfhlvdfqvtiaeilliimrtfkvsiwnldyiinliiknlsksltenkysqldeeqpmeid,England,europe,Human
>LIVE-E02E06,EPI_ISL_1177952,2021-02-17,61,mfhlvdfqvtiaeilliimrtfkvsiwnldyiinliiknlsksltenkysqldeeqpmeid,England,europe,Human
>TFCI-2706CEB,EPI_ISL_1180115,2021-02-24,61,mfhlvdfqvtiaeilliimrtfkvsiwnldyiinliiknlsksltenkysqldeeqpmeid,England,europe,Human
>NOTT-2513D8,EPI_ISL_1178615,2021-02-12,61,mfhlvdfqvtiaeilliimrtfkvsiwnldyiinliiknlsksltenkysqldeeqpmeid,England,europe,Human
>NORW-22C039,EPI_ISL_1178500,2021-02-03,61,mfhlvdfqvtiaeilliimrtfkvsiwnldyiinliiknlsksltenkysqldeeqpmeid,England,europe,Human
>PORT-2DA629,EPI_ISL_1179837,2021-01-05,61,mfhlvdfqvtiaeilliimrtfkvsiwnldyiinliiknlsksltenkysqldeeqpmeid,England,europe,Human
>NC-IBV-97020621,EPI_ISL_1179809,2021-02-08,61,mfhlvdfqvtiaeilliimrtfkvsiwnldyiinliiknlsksltenkysqldeeqpmeid,Spain,europe,Human
>NORT-1B8F29C,EPI_ISL_1178209,2021-01-25,61,mfhlvdfqvtiaeilliimrtfkvsiwnldyiinliiknlsksltenkysqldeeqpmeid,England,europe,Human
>NORT-1B8DC36,EPI_ISL_1178122,2021-02-04,61,mfhlvdfqvtiaeilliimrtfkvsiwnldyiinliiknlsksltenkysqldeeqpmeid,England,europe,Human
>NORT-1B99A79,EPI_ISL_1178237,2021-01-21,61,mfhlvdfqvtiaeilliimrtfkvsiwnldyiinliiknlsksltenkysqldeeqpmeid,England,europe,Human
>RAND-1218F21,EPI_ISL_1180008,2021-01-29,61,mfhlvdfqvtiaeilliimrtfkvsiwnldyiinliiknlsksltenkysqldeeqpmeid,Northern Ireland,europe,Human
>NORW-21FC08,EPI_ISL_1178423,2021-02-22,61,mfhlvdfqvtiaeilliimrtfkvsiwnldyiinliiknlsksltenkysqldeeqpmeid,England,europe,Human
>RAND-1219148,EPI_ISL_1180036,2021-01-29,61,mfhlvdfqvtiaeilliimrtfkvsiwnldyiinliiknlsksltenkysqldeeqpmeid,Northern Ireland,europe,Human
>RAND-1218237,EPI_ISL_1179914,2021-01-28,61,mfhlvdfqvtiaeilliimrtfkvsiwnldyiinliiknlsksltenkysqldeeqpmeid,England,europe,Human
>NORW-22BBB1,EPI_ISL_1178472,2021-01-26,61,mfhlvdfqvtiaeilliimrtfkvsiwnldyiinliiknlsksltenkysqldeeqpmeid,England,europe,Human
>SHEF-10C7DA1,EPI_ISL_1180059,2021-01-30,61,mfhlvdfqvtiaeilliimrtfkvsiwnldyiinliiknlsksltenkysqldeeqpmeid,England,europe,Human
>SHEF-10CA5F1,EPI_ISL_1180067,2021-03-01,61,mfhlvdfqvtiaeilliimrtfkvsiwnldyiinliiknlsksltenkysqldeeqpmeid,England,europe,Human
>NORT-1B8EC62,EPI_ISL_1178173,2021-01-20,61,mfhlvdfqvtiaeilliimrtfkvsiwnldyiinliiknlsksltenkysqldeeqpmeil,England,europe,Human
>PORT-1E6E2DC,EPI_ISL_1179646,2021-02-15,61,mfhlvdfqvtiaeilliimrtfkvsiwnldyiinliiknlsksltenkysqldeeqpmeid,England,europe,Human
>RAND-1217DCE,EPI_ISL_1179895,2021-01-28,61,mfhlvdfqvtiaeilliimrtfkvsiwnldyiinliiknlsksltenkysqldeeqpmeid,England,europe,Human
>PORT-1E6E54C,EPI_ISL_1179678,2021-02-14,61,mfhlvdfqvtiaeilliimrtfkvsiwnldyiinliiknlsksltenkysqldeeqpmeid,England,europe,Human
>NORT-290540,EPI_ISL_1178388,2021-01-09,61,mfhlvdfqvtiaeilliimrtfkfsiwnldyiinliiknlsksltenkysqldeeqpmeid,England,europe,Human
>PORT-1E7906B,EPI_ISL_1179796,2021-01-09,61,mfhlvdfqvtiaeilliimrtfkvsiwnldyiinliiknlsksltenkysqldeeqpmeid,England,europe,Human
>RAND-12186A4,EPI_ISL_1179945,2021-01-28,61,mfhlvdfqvtiaeilliimrtfkvsiwnldyiinliiknlsksltenkysqldeeqpmeid,England,europe,Human
>NOTT-251AD3,EPI_ISL_1178689,2021-02-18,61,mfhlvdfqvtiaeilliimrtfkvsiwnldyiinliiknlsksltenkysqldeeqpmeid,England,europe,Human
>PORT-1E78D1A,EPI_ISL_1179738,2021-02-10,61,mfhlvdfqvtiaeilliimrtfkvsiwnldyiinliiknlsksltenkysqldeeqpmeid,England,europe,Human
>NORT-1BB5F5A,EPI_ISL_1178326,2021-01-09,61,mfhlvdfqvtiaeilliimrtfkvsiwnldyiinliiknlsksltenkysqldeeqpmeid,England,europe,Human
>LOND-12FE46E,EPI_ISL_1178033,2021-03-01,61,mfhlvdfqvtiaeilliimrtfkvsiwnldyiinliiknlsksltenkysqldeeqpmeid,England,europe,Human
>NC-IBV-97019757,EPI_ISL_1179706,2021-02-11,61,mfhlvdfqvtiaeilliimrtfkvsiwnldyiinliiknlsksltenkysqldeeqpmeid,Spain,europe,Human
>NORT-1BAF5E8,EPI_ISL_1178318,2021-01-17,61,mfhlvdfqvtiaeilliimrtfkvsiwnldyiinliiknlsksltenkysqldeeqpmeid,England,europe,Human
>TFCI-2706DD9,EPI_ISL_1180127,2021-02-26,61,mfhlvdfqvtiaeilliimrtfkvsiwnldyiinliiknlsksltenkysqldeeqpmeid,England,europe,Human
>NOTT-2515A5,EPI_ISL_1178627,2021-02-16,61,mfhlvdfqvtiaeilliimrtfkvsiwnldyiinliiknlsksltenkysqldeeqpmeid,England,europe,Human
>NORW-22D241,EPI_ISL_1178532,2021-02-12,61,mfhlvdfqvtiaeilliimrtfkvsiwnldyiinliiknlsksltenkysqldeeqpmeid,England,europe,Human
>TFCI-2706D24,EPI_ISL_1180119,2021-02-22,61,mfhlvdfqvtiaeilliimrtfkvsiwnldyiinliiknlsksltenkysqldeeqpmeid,England,europe,Human
>NOTT-25143F,EPI_ISL_1178619,2021-02-13,61,mfhlvdfqvtiaeilliimrtfkvsiwnldyiinliiknlsksltenkysqldeeqpmeid,England,europe,Human
>PORT-1E790E3,EPI_ISL_1179805,2021-00-00,61,mfhlvdfqvtiaeilliimrtfkvsiwnldyiinliiknlsksltenkysqldeeqpmeid,England,europe,Human
>NOTT-25199A,EPI_ISL_1178676,2021-02-17,61,mfhlvdfqvtiaeilliimrtfkvsiwnldyiinliiknlsksltenkysqldeeqpmeid,England,europe,Human
>NOTT-251727,EPI_ISL_1178648,2021-02-19,61,mfhlvdfqvtiaeilliimrtfkvsiwnldyiinliiknlsksltenkysqldeeqpmeid,England,europe,Human
>NOTT-250157,EPI_ISL_1178563,2021-02-24,61,mfhlvdfqvtiaeilliimrtfkvsiwnldyiinliiknlsksltenkysqldeeqpmeid,England,europe,Human
>NORT-29048F,EPI_ISL_1178377,2021-01-18,61,mfhlvdfqvtiaeilliimrtfkvsiwnldyiinliiknlsksltenkysqldeeqpmeid,England,europe,Human
>PORT-1E78F05,EPI_ISL_1179769,2021-02-17,61,mfhlvdfqvtiaeilliimrtfkvsiwnldyiinliiknlsksltenkysqldeeqpmeid,England,europe,Human
>NORT-1BB6108,EPI_ISL_1178349,2021-01-12,61,mfhlvdfqvtiaeilliimrtfkvsiwnldyiinliiknlsksltenkysqldeeqpmeid,England,europe,Human
>NC-IBV-97019785,EPI_ISL_1179757,2021-02-13,61,mfhlvdfqvtiaeilliimrtfkvsiwnldyiinliiknlsksltenkysqldeeqpmeid,Spain,europe,Human
>LOND-1336997,EPI_ISL_1178062,2021-02-25,61,mfhlvdfqvtiaeilliimrtfkvsiwnldyiinliiknlsksltenkysqldeeqpmeid,England,europe,Human
>RAND-1218D36,EPI_ISL_1179984,2021-01-28,61,mfhlvdfqvtiaeilliimrtfkvsiwnldyiinliiknlsksltenkysqldeeqpmeid,England,europe,Human
>PORT-1E6E5F1,EPI_ISL_1179687,2021-02-14,61,mfhlvdfqvtiaeilliimrtfkvsiwnldyiinliiknlsksltenkysqldeeqpmeid,England,europe,Human
>NORT-1BAF393,EPI_ISL_1178299,2021-01-19,61,mfhlvdfqvtiaeilliimrtfkvsiwnldyiinliiknlsksltenkysqldeeqpmeid,England,europe,Human
>PORT-2F03AE,EPI_ISL_1179854,2021-02-24,61,mfhlvdfqvtiaeilliimrtfkvsiwnldyiinliiknlsksltenkysqldeeqpmeid,England,europe,Human
>SHEF-10D6E9D,EPI_ISL_1180098,2021-02-05,61,mfhlvdfqvtiaeilliimrtfkvsiwnldyiinliiknlsksltenkysqldeeqpmeid,England,europe,Human
>NORW-22B2CB,EPI_ISL_1178440,2021-01-23,61,mfhlvdfqvtiaeilliimrtfkvsiwnldyiinliiknlsksltenkysqldeeqpmeid,England,europe,Human
>SHEF-10C6DFD,EPI_ISL_1180055,2021-02-27,61,mfhlvdfqvtiaeilliimrtfkvsiwnldyiinliiknlsksltenkysqldeeqpmeid,England,europe,Human
>NORT-1B8E5C1,EPI_ISL_1178141,2021-02-23,61,mfhlvdfqvtiaeilliimrtfkvsiwnldyiinliiknlsksltenkysqldeeqpmeid,England,europe,Human
>PORT-1E6E4D6,EPI_ISL_1179674,2021-02-13,61,mfhlvdfqvtiaeilliimrtfkvsiwnldyiinliiknlsksltenkysqldeeqpmeid,England,europe,Human
>RAND-1218149,EPI_ISL_1179899,2021-01-28,61,mfhlvdfqvtiaeilliimrtfkvsiwnldyiinliiknlsksltenkysqldeeqpmeid,England,europe,Human
>RAND-12186E0,EPI_ISL_1179949,2021-01-28,61,mfhlvdfqvtiaeilliimrtfkvsiwnldyiinliiknlsksltenkysqldeeqpmeid,England,europe,Human
>RAND-1218C2A,EPI_ISL_1179977,2021-01-27,61,mfhlvdfqvtiaeilliimrtfkvsiwnldyiinliiknlsksltenkysqldeeqpmeid,England,europe,Human
>MILK-12C6845,EPI_ISL_1178091,2021-02-16,61,mfhlvdfqvtiaeilliimrtfkvsiwnldyiinliiknlsksltenkysqldeeqpmeid,England,europe,Human
>NOTT-251A4C,EPI_ISL_1178685,2021-02-18,61,mfhlvdfqvtiaeilliimrtfkvsiwnldyiinliiknlsksltenkysqldeeqpmeid,England,europe,Human
>NOTT-25111A,EPI_ISL_1178590,2021-01-12,61,mfhlvdfqvtiaeilliimrtfkvsiwnldyiinliiknlsksltenkysqldeeqpmeid,England,europe,Human
>MILK-1320699,EPI_ISL_1178110,2021-02-22,61,mfhlvdfqvtiaeilliimrtfkvsiwnldyiinliiknlsksltenkysqldeeqpmeid,England,europe,Human
>NORT-1B8EFE1,EPI_ISL_1178205,2021-01-27,61,mfhlvdfqvtiaeilliimrtfkvsiwnldyiinliiknlsksltenkysqldeeqpmeid,England,europe,Human
>NORT-290847,EPI_ISL_1178411,2021-01-14,61,mfhlvdfqvtiaeilliimrtfkvsiwnldyiinliiknlsksltenkysqldeeqpmeid,England,europe,Human
>RAND-1218EE8,EPI_ISL_1180004,2021-01-28,61,mfhlvdfqvtiaeilliimrtfkvsiwnldyiinliiknlsksltenkysqldeeqpmeid,England,europe,Human
>RAND-1218291,EPI_ISL_1179918,2021-01-28,61,mfhlvdfqvtiaeilliimrtfkvsiwnldyiinliiknlsksltenkysqldeeqpmeid,England,europe,Human
>RAND-1218431,EPI_ISL_1179926,2021-01-28,61,mfhlvdfqvtiaeilliimrtfkvsiwnldyiinliiknlsksltenkysqldeeqpmeid,England,europe,Human
>LIVE-E02CEE,EPI_ISL_1177941,2021-02-18,61,mfhlvdfqvtiaeilliimrtfkvsiwnldyiinliiknlsksltenkysqldeeqpmeid,England,europe,Human
>NC-IBV-97019768,EPI_ISL_1179727,2021-02-12,61,mfhlvdfqvtiaeilliimrtfkvsiwnldyiinliiknlsksltenkysqldeeqpmeid,Spain,europe,Human
>LOND-12F830D,EPI_ISL_1178012,2021-02-25,61,mfhlvdfqvtiaeilliimrtfkvsiwnldyiinliiknlsksltenkysqldeeqpmeid,England,europe,Human
>NORT-1BB6029,EPI_ISL_1178339,2021-01-06,61,mfhlvdfqvtiaeilliimrtfkfsiwnldyiinliiknlsksltenkysqldeeqpmeid,England,europe,Human
>PORT-1E6E7CE,EPI_ISL_1179719,2021-02-12,61,mfhlvdfqvtiaeilliimrtfkvsiwnldyiinliiknlsksltenkysqldeeqpmeid,England,europe,Human
>NORT-1BAF463,EPI_ISL_1178307,2021-01-19,61,mfhlvdfqvtiaeilliimrtfkvsiwnldyiinliiknlsksltenkysqldeeqpmeid,England,europe,Human
>NORW-22CD6F,EPI_ISL_1178513,2021-02-02,61,mfhlvdfqvtiaeilliimrtfkvsiwnldyiinliiknlsksltenkysqldeeqpmeid,England,europe,Human
>NOTT-251675,EPI_ISL_1178638,2021-02-18,61,mfhlvdfqvtiaeilliimrtfkvsiwnldyiinliiknlsksltenkysqldeeqpmeid,England,europe,Human
>TFCI-2706EC7,EPI_ISL_1180138,2021-03-01,61,mfhlvdfqvtiaeilliimrtfkvsiwnldyiinliiknlsksltenkysqldeeqpmeid,England,europe,Human
>NOTT-2512F9,EPI_ISL_1178606,2021-02-10,61,mfhlvdfqvtiaeilliimrtfkvsiwnldyiinliiknlsksltenkysqldeeqpmeid,England,europe,Human
>TFCI-2706C54,EPI_ISL_1180106,2021-02-23,61,mfhlvdfqvtiaeilliimrtfkvsiwnldyiinliiknlsksltenkysqldeeqpmeid,England,europe,Human
>PORT-2DA43E,EPI_ISL_1179824,2021-02-09,61,mfhlvdfqvtiaeilliimrtfkvsiwnldyiinliiknlsksltenkysqldeeqpmeid,England,europe,Human
>NOTT-251903,EPI_ISL_1178669,2021-02-16,61,mfhlvdfqvtiaeilliimrtfkvsiwnldyiinliiknlsksltenkysqldeeqpmeid,England,europe,Human
>NORW-22D302,EPI_ISL_1178542,2021-02-12,61,mfhlvdfqvtiaeilliimrtfkvsiwnldyiinpiiknlsksltenkysqldeeqpmeid,England,europe,Human
>8757,EPI_ISL_1180157,2021-02-08,61,mfhlvdfqvtiaeilliimrtfkvsiwnldyiinliiknlsksltenkysqldeeqpmeid,North Macedonia,europe,Human
>NOTT-251824,EPI_ISL_1178657,2021-02-11,61,mfhlvdfqvtiaeilliimrtfkvsiwnldyiinliiknlsksltenkysqldeeqpmeid,England,europe,Human
>NORT-2903CE,EPI_ISL_1178368,2021-01-11,61,mfhlvdfqvtiaeilliimrtfkvsiwnldyiinliiknlsksltenkysqldeeqpmeid,England,europe,Human
>LIVE-E00FD8,EPI_ISL_1177910,2021-02-16,61,mfhlvdfqvtiaeilliimrtfkvsiwnldyiinliiknlsksltenkysqldeeqpmeid,England,europe,Human
>LOND-1336760,EPI_ISL_1178043,2021-02-21,61,mfhlvdfqvtiaeilliimrtfkvsiwnldyiinliiknlsksltenkysqldeeqpmeid,England,europe,Human
>PORT-1E78F8D,EPI_ISL_1179776,2021-02-20,61,mfhlvdfqvtiaeilliimrtfkvsiwnldyiinliiknlsksltenkysqldeeqpmeid,England,europe,Human
>NORT-1BB619F,EPI_ISL_1178356,2021-01-11,61,mfhlvdfqvtiaeilliimrtfkvsiwnldyiinliiknlsksltenkysqldeeqpmeid,England,europe,Human
>PORT-1E78DCF,EPI_ISL_1179748,2021-02-18,61,mfhlvdfqvtiaeilliimrtfkvsiwnldyiinliiknlsksltenkysqldeeqpmeid,England,europe,Human
>NC-IBV-97019754,EPI_ISL_1179698,2021-02-11,61,mfhlvdfqvtiaeilliimrtfkvsiwnldyiinliiknlsksltenkysqldeeqpmeid,Spain,europe,Human
>NORT-1BAF20F,EPI_ISL_1178286,2021-01-19,61,mfhlvdfqvtiaeilliimrtfkvsiwnldyiinliiknlsksltenkysqldeeqpmeid,England,europe,Human
>PORT-2F05C6,EPI_ISL_1179875,2021-02-20,61,mfhlvdfqvtiaeilliimrtfkvsiwnldyiinliiknlsksltenkysqldeeqpmeid,England,europe,Human
>NORT-1B8EEB7,EPI_ISL_1178193,2021-01-26,61,mfhlvdfqvtiaeilliimrtfkvsiwnldyiinliiknlsksltenkysqldeeqpmeid,England,europe,Human
>SHEF-10D2277,EPI_ISL_1180087,2021-01-27,61,mfhlvdfqvtiaeilliimrtfkvsiwnldyiinliiknlsksltenkysqldeeqpmeid,England,europe,Human
>NORW-22BE8B,EPI_ISL_1178492,2021-01-23,61,mfhlvdfqvtiaeilliimrtfkvsiwnldyiinliiknlsksltenkysqldeeqpmeid,England,europe,Human
>SHEF-10CCF2E,EPI_ISL_1180074,2021-02-19,61,mfhlvdfqvtiaeilliimrtfkvsiwnldyiinliiknlsksltenkysqldeeqpmeid,England,europe,Human
>NORW-22B9B7,EPI_ISL_1178461,2021-01-24,61,mfhlvdfqvtiaeilliimrtfkvsiwnldyiinliiknlsksltenkysqldeeqpmeid,England,europe,Human
>PORT-1E6E360,EPI_ISL_1179655,2021-02-13,61,mfhlvdfqvtiaeilliimrtfkvsiwnldyiinliiknlsksltenkysqldeeqpmeid,England,europe,Human
>NORT-1B8E93E,EPI_ISL_1178160,2021-01-31,61,mfhlvdfqvtiaeilliimrtfkvsiwnldyiinliiknlsksltenkysqldeeqpmeid,England,europe,Human
>PORT-2F06A5,EPI_ISL_1179886,2021-02-20,61,mfhlvdfqvtiaeilliimrtfkvsiwnldyiinliiknlsksltenkysqldeeqpmeid,England,europe,Human
>NC-IBV-97020602,EPI_ISL_1179785,2020-08-13,61,mfhlvdfqvtiaeilliimrtfkvsiwnldyiinliiknlsksltenkysqldeeqpmeid,Spain,europe,Human
>RAND-1218756,EPI_ISL_1179956,2021-01-27,61,mfhlvdfqvtiaeilliimrtfkvsiwnldyiinliiknlsksltenkysqldeeqpmeid,England,europe,Human
>RAND-1218B4B,EPI_ISL_1179968,2021-01-28,61,mfhlvdfqvtiaeilliimrtfkvsiwnldyiinliiknlsksltenkysqldeeqpmeid,England,europe,Human
>NORT-1B8E4C4,EPI_ISL_1178131,2021-02-22,61,mfhlvdfqvtiaeilliimrtfkvsiwnldyiinliiknlsksltenkysqldeeqpmeid,England,europe,Human
>RAND-1219096,EPI_ISL_1180025,2021-01-27,61,mfhlvdfqvtiaeilliimrtfkvsiwnldyiinliiknlsksltenkysqldeeqpmeid,England,europe,Human
>NORW-22AF4D,EPI_ISL_1178430,2021-01-08,61,mfhlvdfqvtiaeilliimrtfkvsiwnldyiinliiknlsksltenkysqldeeqpmeid,England,europe,Human
>RAND-12181C1,EPI_ISL_1179907,2021-01-28,61,mfhlvdfqvtiaeilliimrtfkvsiwnldyiinliiknlsksltenkysqldeeqpmeid,England,europe,Human
>RAND-121864A,EPI_ISL_1179939,2021-01-28,61,mfhlvdfqvtiaeilliimrtfkvsiwnldyiinliiknlsksltenkysqldeeqpmeid,England,europe,Human
>RAND-12190F0,EPI_ISL_1180031,2021-01-28,61,mfhlvdfqvtiaeilliimrtfkvsiwnldyiinliiknlsksltenkysqldeeqpmeid,England,europe,Human
>NORW-21FC62,EPI_ISL_1178424,2021-02-22,61,mfhlvdfqvtiaeilliimrtfkvsiwnldyiinliiknlsksltenkysqldeeqpmeid,England,europe,Human
>NORT-1B8E260,EPI_ISL_1178125,2021-02-17,61,mfhlvdfqvtiaeilliimrtfkvsiwnldyiinliiknlsksltenkysqldeeqpmeid,England,europe,Human
>RAND-1218228,EPI_ISL_1179913,2021-01-28,61,mfhlvdfqvtiaeilliimrtfkvsiwnldyiinliiknlsksltenkysqldeeqpmeid,England,europe,Human
>NORT-1B8EC9F,EPI_ISL_1178174,2021-01-20,61,mfhlvdfqvtiaeilliimrtfkvsiwnldyiinliiknlsksltenkysqldeeqpmeid,England,europe,Human
>RAND-1217D91,EPI_ISL_1179892,2021-01-28,61,mfhlvdfqvtiaeilliimrtfkvsiwnldyiinliiknlsksltenkysqldeeqpmeid,England,europe,Human
>SHEF-10C82DE,EPI_ISL_1180060,2021-02-17,61,mfhlvdfqvtiaeilliimrtfkvsiwnldyiinliiknlsksltenkysqldeeqpmeid,England,europe,Human
>NORW-22BCCD,EPI_ISL_1178475,2021-01-20,61,mfhlvdfqvtiaeilliimrtfkvsiwnldyiinliiknlsksltenkysqldeeqpmeid,England,europe,Human
>NC-IBV-97020605,EPI_ISL_1179791,2020-09-02,61,mfhlvdfqvtiaeilliimrtfkvsiwnldyiinliiknlsksltenkysqldeeqpmeid,Spain,europe,Human
>RAND-1218677,EPI_ISL_1179942,2021-01-28,61,mfhlvdfqvtiaeilliimrtfkvsiwnldyiinliiknlsksltenkysqldeeqpmeid,England,europe,Human
>LIVE-E0061F,EPI_ISL_1177904,2021-01-22,61,mfhlvdfqvtiaeilliimrtfkvsiwnldyiinliiknlsksltenkysqldeeqpmeid,England,europe,Human
>LOND-133691F,EPI_ISL_1178057,2021-02-25,61,mfhlvdfqvtiaeilliimrtfkvsiwnldyiinliiknlsksltenkysqldeeqpmeid,England,europe,Human
>NC-IBV-97020588,EPI_ISL_1179762,2020-08-06,61,mfhlvdfqvtiaeilliimrtfkvsiwnldyiinliiknlsksltenkysqldeeqpmeid,Spain,europe,Human
>MILK-12C63AE,EPI_ISL_1178069,2021-02-15,61,mfhlvdfqvtiaeilliimrtfkvsiwnldyiinliiknlsksltenkysqldeeqpmeid,England,europe,Human
>NORW-22D593,EPI_ISL_1178556,2021-02-21,61,mfhlvdfqvtiaeilliimrtfkvsiwnldyiinliiknlsksltenkysqldeeqpmeid,England,europe,Human
>SAR-0028,EPI_ISL_1180143,2021-02-26,61,mfhlvdfqvtiaeilliimrtfkvsiwnldyiinliiknlsksltenkysqldeeqpmeid,Italy,europe,Human
>NOTT-2516DF,EPI_ISL_1178643,2021-02-19,61,mfhlvdfqvtiaeilliimrtfkvsiwnldyiinliiknlsksltenkysqldeeqpmeid,England,europe,Human
>NOTT-250C47,EPI_ISL_1178568,2021-02-26,61,mfhlvdfqvtiaeilliimrtfkvsiwnldyiinliiknlsksltenkysqldeeqpmeid,England,europe,Human
>SHEF-10D4837,EPI_ISL_1180093,2021-02-27,61,mfhlvdfqvtiaeilliimrtfkvsiwnldyiinliiknlsksltenkysqldeeqpmeid,England,europe,Human
>NORW-22BDE8,EPI_ISL_1178486,2021-01-23,61,mfhlvdfqvtiaeilliimrtfkvsiwnldyiinliiknlsksltenkysqldeeqpmeid,England,europe,Human
>PORT-2F0414,EPI_ISL_1179861,2021-02-23,61,mfhlvdfqvtiaeilliimrtfkvsiwnldyiinliiknlsksltenkysqldeeqpmeid,England,europe,Human
>NORT-1B8EE3F,EPI_ISL_1178187,2021-01-20,61,mfhlvdfqvtiaeilliimrtfkvsiwnldyiinliiknlsksltenkysqldeeqpmeil,England,europe,Human
>NORW-22CB65,EPI_ISL_1178507,2021-01-26,61,mfhlvdfqvtiaeilliimrtfkvsiwnldyiinliiknlsksltenkysqldeeqpmeid,England,europe,Human
>NORW-22D2D8,EPI_ISL_1178539,2021-02-13,61,mfhlvdfqvtiaeilliimrtfkvsiwnldyiinliiknlsksltenkysqldeeqpmeid,England,europe,Human
>NOTT-25137E,EPI_ISL_1178612,2021-02-11,61,mfhlvdfqvtiaeilliimrtfkvsiwnldyiinliiknlsksltenkysqldeeqpmeid,England,europe,Human
>TFCI-2706CBE,EPI_ISL_1180112,2021-02-24,61,mfhlvdfqvtiaeilliimrtfkvsiwnldyiinliiknlsksltenkysqldeeqpmeid,England,europe,Human
>LIVE-E02E7F,EPI_ISL_1177955,2021-02-17,61,mfhlvdfqvtiaeilliimrtfkvsiwnldyiinliiknlsksltenkysqldeeqpmeid,England,europe,Human
>PORT-1E78CD1,EPI_ISL_1179733,2021-00-00,61,mfhlvdfqvtiaeilliimrtfkvsiwnldyiinliiknlsksltenkysqldeeqpmeid,England,europe,Human
>LOND-128A5DD,EPI_ISL_1178006,2021-02-21,61,mfhlvdfqvtiaeilliimrtfkvsiwnldyiinliiknlsksltenkysqldeeqpmeid,England,europe,Human
>LOND-13366FA,EPI_ISL_1178038,2021-02-20,61,mfhlvdfqvtiaeilliimrtfkvsiwnldyiinliiknlsksltenkysqldeeqpmeid,England,europe,Human
>NORT-1BAF524,EPI_ISL_1178313,2021-01-17,61,mfhlvdfqvtiaeilliimrtfkvsiwnldyiinliiknlsksltenkysqldeeqpmeid,England,europe,Human
>PORT-2DA51D,EPI_ISL_1179830,2021-01-09,61,mfhlvdfqvtiaeilliimrtfkvsiwnldyiinliiknlsksltenkysqldeeqpmeid,England,europe,Human
>NORT-290689,EPI_ISL_1178405,2021-01-08,61,mfhlvdfqvtiaeilliimrtfkvsiwnldyiinliiknlsksltenkysqldeeqpmeid,England,europe,Human
>RAND-1218F4F,EPI_ISL_1180010,2021-01-29,61,mfhlvdfqvtiaeilliimrtfkvsiwnldyiinliiknlsksltenkysqldeeqpmeid,Northern Ireland,europe,Human
>MILK-13204EA,EPI_ISL_1178104,2021-02-21,61,mfhlvdfqvtiaeilliimrtfkvsiwnldyiinliiknlsksltenkysqldeeqpmeid,England,europe,Human
>NORT-1B8F2D8,EPI_ISL_1178211,2021-01-25,61,mfhlvdfqvtiaeilliimrtfkvsiwnldyiinliiknlsksltenkysqldeeqpmeid,England,europe,Human
>RAND-12184E6,EPI_ISL_1179932,2021-01-28,61,mfhlvdfqvtiaeilliimrtfkvsiwnldyiinliiknlsksltenkysqldeeqpmeid,England,europe,Human
>NORT-1B8E89B,EPI_ISL_1178155,2021-01-30,61,mfhlvdfqvtiaeilliimrtfkvsiwnldyiinliiknlsksltenkysqldeeqpmeid,England,europe,Human
>PORT-1E6E3BB,EPI_ISL_1179660,2021-02-13,61,mfhlvdfqvtiaeilliimrtfkvsiwnldyiinliiknlsksltenkysqldeeqpmeid,England,europe,Human
>NORT-1B99AB5,EPI_ISL_1178240,2021-01-21,61,mfhlvdfqvtiaeilliimrtfkvsiwnldyiinliiknlsksltenkysqldeeqpmeid,England,europe,Human
>NORW-22B4C5,EPI_ISL_1178454,2021-01-08,61,mfhlvdfqvtiaeilliimrtfkvsiwnldyiinliiknlsksltenkysqldeeqpmeid,England,europe,Human
>RAND-1219193,EPI_ISL_1180041,2021-01-29,61,mfhlvdfqvtiaeilliimrtfkvsiwnldyiinliiknlsksltenkysqldeeqpmeid,Northern Ireland,europe,Human
>NOTT-251BB2,EPI_ISL_1178691,2021-02-19,61,mfhlvdfqvtiaeilliimrtfkvsiwnldyiinliiknlsksltenkysqldeeqpmeid,England,europe,Human
>NOTT-250F99,EPI_ISL_1178584,2021-02-23,61,mfhlvdfqvtiaeilliimrtfkvsiwnldyiinliiknlsksltenkysqldeeqpmeid,England,europe,Human
>RAND-1218835,EPI_ISL_1179963,2021-01-27,61,mfhlvdfqvtiaeilliimrtfkvsiwnldyiinliiknlsksltenkysqldeeqpmeid,England,europe,Human
>MILK-12C6757,EPI_ISL_1178085,2021-02-15,61,mfhlvdfqvtiaeilliimrtfkvsiwnldyiinliiknlsksltenkysqldeeqpmeid,England,europe,Human
>NORT-290346,EPI_ISL_1178363,2021-01-11,61,mfhlvdfqvtiaeilliimrtfkvsiwnldyiinliiknlsksltenkysqldeeqpmeid,England,europe,Human
>LOND-13367BB,EPI_ISL_1178048,2021-02-22,61,mfhlvdfqvtiaeilliimrtfkvsiwnldyiinliiknlsksltenkysqldeeqpmeid,England,europe,Human
>PORT-1E78D83,EPI_ISL_1179743,2021-02-18,61,mfhlvdfqvtiaeilliimrtfkvsiwnldyiinliiknlsksltenkysqldeeqpmeid,England,europe,Human
>MILK-12C655D,EPI_ISL_1178076,2021-02-15,61,mfhlvdfqvtiaeilliimrtfkvsiwnldyiinliiknlsksltenkysqldeeqpmeid,England,europe,Human
>RAND-1218DDC,EPI_ISL_1179990,2021-01-27,61,mfhlvdfqvtiaeilliimrtfkvsiwnldyiinliiknlsksltenkysqldeeqpmeid,England,europe,Human
>NOTT-25188E,EPI_ISL_1178662,2021-02-13,61,mfhlvdfqvtiaeilliimrtfkvsiwnldyiinliiknlsksltenkysqldeeqpmeid,England,europe,Human
>NORW-22D3D5,EPI_ISL_1178549,2021-02-14,61,mfhlvdfqvtiaeilliimrtfkvsiwnldyiinliiknlsksltenkysqldeeqpmeid,England,europe,Human
>NOTT-250DF9,EPI_ISL_1178577,2021-02-25,61,mfhlvdfqvtiaeilliimrtfkvsiwnldyiinliiknlsksltenkysqldeeqpmeid,England,europe,Human
>NORW-22BFE2,EPI_ISL_1178499,2021-02-04,61,mfhlvdfqvtiaeilliimrtfkvsiwnldyiinliiknlsksltenkysqldeeqpmeid,England,europe,Human
>NC-IBV-97019750,EPI_ISL_1179693,2021-02-10,61,mfhlvdfqvtiaeilliimrtfkvsiwnldyiinliiknlsksltenkysqldeeqpmeid,Spain,europe,Human
>PORT-2DA7CC,EPI_ISL_1179840,2020-12-31,61,mfhlvdfqvtiaeilliimrtfkvsiwnldyiinliiknlsksltenkysqldeeqpmeid,England,europe,Human
>NORT-1B8EF3C,EPI_ISL_1178198,2021-01-27,61,mfhlvdfqvtiaeilliimrtfkvsiwnldyiinliiknlsksltenkysqldeeqpmeid,England,europe,Human
>NORW-22D0DE,EPI_ISL_1178518,2021-02-12,61,mfhlvdfqvtiaeilliimrtfkvsiwnldyiinliiknlsksltenkysqldeeqpmeid,England,europe,Human
>TFCI-2706E30,EPI_ISL_1180133,2021-02-25,61,mfhlvdfqvtiaeilliimrtfkvsiwnldyiinliiknlsksltenkysqldeeqpmeid,England,europe,Human
>NOTT-25161B,EPI_ISL_1178633,2021-02-17,61,mfhlvdfqvtiaeilliimrtfkvsiwnldyiinliiknlsksltenkysqldeeqpmeid,England,europe,Human
>NORW-22D1BD,EPI_ISL_1178526,2021-02-14,61,mfhlvdfqvtiaeilliimrtfkvsiwnldyiinliiknlsksltenkysqldeeqpmeid,England,europe,Human
>NORT-1BB5FB4,EPI_ISL_1178332,2021-01-09,61,mfhlvdfqvtiaeilliimrtfkvsiwnldyiinliiknlsksltenkysqldeeqpmeid,England,europe,Human
>LOND-12FE334,EPI_ISL_1178027,2021-03-03,61,mfhlvdfqvtiaeilliimrtfkvsiwnldyiinliiknlsksltenkysqldeeqpmeid,England,europe,Human
>PORT-1E6E755,EPI_ISL_1179712,2021-02-13,61,mfhlvdfqvtiaeilliimrtfkvsiwnldyiinliiknlsksltenkysqldeeqpmeid,England,europe,Human
>NC-IBV-97020622,EPI_ISL_1179811,2021-02-08,61,mfhlvdfqvtiaeilliimrtfkvsiwnldyiinliiknlsksltenkysqldeeqpmeid,Spain,europe,Human
>NORT-1B8E9F2,EPI_ISL_1178167,2021-01-31,61,mfhlvdfqvtiaeilliimrtfkvsiwnldyiinliiknlsksltenkysqldeeqpmeid,England,europe,Human
>PORT-1E6E333,EPI_ISL_1179652,2021-02-13,61,mfhlvdfqvtiaeilliimrtfkvsiwnldyiinliiknlsksltenkysqldeeqpmeid,England,europe,Human
>PORT-2F064B,EPI_ISL_1179881,2021-02-21,61,mfhlvdfqvtiaeilliimrtfkvsiwnldyiinliiknlsksltenkysqldeeqpmeid,England,europe,Human
>NORT-1B8E92F,EPI_ISL_1178159,2021-01-31,61,mfhlvdfqvtiaeilliimrtfkvsiwnldyiinliiknlsksltenkysqldeeqpmeid,England,europe,Human
>NORW-22BAF0,EPI_ISL_1178466,2021-01-24,61,mfhlvdfqvtiaeilliimrtfkvsiwnldyiinliiknlsksltenkysqldeeqpmeid,England,europe,Human
>NORW-22B8AB,EPI_ISL_1178458,2021-01-28,61,mfhlvdfqvtiaeilliimrtfkvsiwnldyiinliiknlsksltenkysqldeeqpmeid,England,europe,Human
>SHEF-10CCAA5,EPI_ISL_1180073,2021-02-05,61,mfhlvdfqvtiaeilliimrtfkvsiwnldyiinliiknlsksltenkysqldeeqpmeid,England,europe,Human
>NOTT-2510B3,EPI_ISL_1178588,2021-03-02,61,mfhlvdfqvtiaeilliimrtfkvsiwnldyiinliiknlsksltenkysqldeeqpmeid,England,europe,Human
>MILK-12C6818,EPI_ISL_1178089,2021-02-15,61,mfhlvdfqvtiaeilliimrtfkvsiwnldyiinliiknlsksltenkysqldeeqpmeid,England,europe,Human
>NC-IBV-97020600,EPI_ISL_1179782,2020-07-30,61,mfhlvdfqvtiaeilliimrtfkvsiwnldyiinliiknlsksltenkysqldeeqpmeid,Spain,europe,Human
>RAND-121870B,EPI_ISL_1179951,2021-01-27,61,mfhlvdfqvtiaeilliimrtfkvsiwnldyiinliiknlsksltenkysqldeeqpmeid,England,europe,Human
>NORW-22B261,EPI_ISL_1178437,2021-01-28,61,mfhlvdfqvtiaeilliimrtfkvsiwnldyiinliiknlsksltenkysqldeeqpmeid,England,europe,Human
>RAND-121902D,EPI_ISL_1180022,2021-01-29,61,mfhlvdfqvtiaeilliimrtfkvsiwnldyiinliiknlsksltenkysqldeeqpmeid,Northern Ireland,europe,Human
>NORT-290795,EPI_ISL_1178409,2021-01-12,61,mfhlvdfqvtiaeilliimrtfkvsiwnldyiinliiknlsksltenkysqldeeqpmeid,England,europe,Human
>NORT-1B8E576,EPI_ISL_1178136,2021-02-22,61,mfhlvdfqvtiaeilliimrtfkvsiwnldyiinliiknlsksltenkysqldeeqpmeid,England,europe,Human
>MILK-132066C,EPI_ISL_1178108,2021-02-22,61,mfhlvdfqvtiaeilliimrtfkvsiwnldyiinliiknlsksltenkysqldeeqpmeid,England,europe,Human
>RAND-1218158,EPI_ISL_1179900,2021-01-28,61,mfhlvdfqvtiaeilliimrtfkvsiwnldyiinliiknlsksltenkysqldeeqpmeid,England,europe,Human
>SHEF-10D8235,EPI_ISL_1180101,2021-03-01,61,mfhlvdfqvtiaeilliimrtfkvsiwnldyiinliiknlsksltenkysqldeeqpmeid,England,europe,Human
>NOTT-25129F,EPI_ISL_1178601,2021-02-09,61,mfhlvdfqvtiaeilliimrtfkvsiwnldyiinliiknlsksltenkysqldeeqpmeid,England,europe,Human
>NORW-22CD7E,EPI_ISL_1178514,2021-02-02,61,mfhlvdfqvtiaeilliimrtfkvsiwnldyiinliiknlsksltenkysqldeeqpmeid,England,europe,Human
>NORT-1BAF3A2,EPI_ISL_1178300,2021-01-19,61,mfhlvdfqvtiaeilliimrtfkvsiwnldyiinliiknlsksltenkysqldeeqpmeid,England,europe,Human
>LOND-12F869B,EPI_ISL_1178015,2021-02-25,61,mfhlvdfqvtiaeilliimrtfkvsiwnldyiinliiknlsksltenkysqldeeqpmeid,England,europe,Human
>NC-IBV-97019765,EPI_ISL_1179720,2021-02-11,61,mfhlvdfqvtiaeilliimrtfkvsiwnldyiinliiknlsksltenkysqldeeqpmeid,Spain,europe,Human
>LIVE-E02D90,EPI_ISL_1177946,2021-02-18,61,mfhlvdfqvtiaeilliimrtfkvsiwnldyiinliiknlsksltenkysqldeeqpmeid,England,europe,Human
>PORT-2DA3E6,EPI_ISL_1179823,2021-01-10,61,mfhlvdfqvtiaeilliimrtfkvsiwnldyiinliiknlsksltenkysqldeeqpmeid,England,europe,Human
>NORT-1BB6126,EPI_ISL_1178351,2021-01-15,61,mfhlvdfqvtiaeilliimrtfkvsiwnldyiinliiknlsksltenkysqldeeqpmeid,England,europe,Human
>PORT-1E78F41,EPI_ISL_1179771,2021-02-16,61,mfhlvdfqvtiaeilliimrtfkvsiwnldyiinliiknlsksltenkysqldeeqpmeid,England,europe,Human
>LOND-133677F,EPI_ISL_1178044,2021-02-23,61,mfhlvdfqvtiaeilliimrtfkvsiwnldyiinliiknlsksltenkysqldeeqpmeid,England,europe,Human
>NOTT-251754,EPI_ISL_1178650,2021-02-19,61,mfhlvdfqvtiaeilliimrtfkvsiwnldyiinliiknlsksltenkysqldeeqpmeid,England,europe,Human
>9082,EPI_ISL_1180150,2021-02-09,61,mfhlvdfqvtiaeilliimrtfkvsiwnldyiinliiknlsksltenkysqldeeqpmeid,North Macedonia,europe,Human
>NORW-22D36C,EPI_ISL_1178545,2021-02-10,61,mfhlvdfqvtiaeilliimrtfkvsiwnldyiinliiknlsksltenkysqldeeqpmeid,England,europe,Human
>NORW-22BEC7,EPI_ISL_1178495,2021-01-26,61,mfhlvdfqvtiaeilliimrtfkvsiwnldyiinliiknlsksltenkysqldeeqpmeid,England,europe,Human
>SHEF-10CFE4C,EPI_ISL_1180080,2021-02-26,61,mfhlvdfqvtiaeilliimrtfkvsiwnldyiinliiknlsksltenkysqldeeqpmeid,England,europe,Human
>PORT-2F057B,EPI_ISL_1179872,2021-02-22,61,mfhlvdfqvtiaeilliimrtfkvsiwnldyiinliiknlsksltenkysqldeeqpmeid,England,europe,Human
>NORT-1B8EEC6,EPI_ISL_1178194,2021-01-26,61,mfhlvdfqvtiaeilliimrtfkvsiwnldyiinliiknlsksltenkysqldeeqpmeid,England,europe,Human
>NORT-1B99E5F,EPI_ISL_1178281,2021-01-18,61,mfhlvdfqvtiaeilliimrtfkvsiwnldyiinliiknlsksltenkysqldeeqpmeid,England,europe,Human
>NORT-1B8ED14,EPI_ISL_1178178,2021-01-20,61,mfhlvdfqvtiaeilliimrtfkvsiwnldyiinliiknlsksltenkysqldeeqpmeid,England,europe,Human
>PORT-1E6E4C7,EPI_ISL_1179673,2021-02-15,61,mfhlvdfqvtiaeilliimrtfkvsiwnldyiinliiknlsksltenkysqldeeqpmeid,England,europe,Human
>NORT-1B8E78F,EPI_ISL_1178146,2021-01-27,61,mfhlvdfqvtiaeilliimrtfkvsiwnldyiinliiknlsksltenkysqldeeqpmeid,England,europe,Human
>NORW-22BD42,EPI_ISL_1178479,2021-01-22,61,mfhlvdfqvtiaeilliimrtfkvsiwnldyiinliiknlsksltenkysqldeeqpmeid,England,europe,Human
>RAND-12193BB,EPI_ISL_1180052,2021-01-29,61,mfhlvdfqvtiaeilliimrtfkvsiwnldyiinliiknlsksltenkysqldeeqpmeid,Northern Ireland,europe,Human
>NORW-22B38C,EPI_ISL_1178447,2021-01-27,61,mfhlvdfqvtiaeilliimrtfkvsiwnldyiinliiknlsksltenkysqldeeqpmeid,England,europe,Human
>NOTT-2511B0,EPI_ISL_1178597,2021-02-08,61,mfhlvdfqvtiaeilliimrtfkvsiwnldyiinliiknlsksltenkysqldeeqpmeid,England,europe,Human
>NOTT-251A1F,EPI_ISL_1178682,2021-02-18,61,mfhlvdfqvtiaeilliimrtfkvsiwnldyiinliiknlsksltenkysqldeeqpmeid,England,europe,Human
>RAND-1218B69,EPI_ISL_1179970,2021-01-28,61,mfhlvdfqvtiaeilliimrtfkvsiwnldyiinliiknlsksltenkysqldeeqpmeid,England,europe,Human
>MILK-1320374,EPI_ISL_1178096,2021-02-22,61,mfhlvdfqvtiaeilliimrtfkvsiwnldyiinliiknlsksltenkysqldeeqpmeid,England,europe,Human
>NORT-2904F8,EPI_ISL_1178383,2021-01-10,61,mfhlvdfqvtiaeilliimrtfkvsiwnldyiinliiknlsksltenkysqldeeqpmeid,England,europe,Human
>RAND-1218ED9,EPI_ISL_1180003,2021-01-28,61,mfhlvdfqvtiaeilliimrtfkvsiwnldyiinliiknlsksltenkysqldeeqpmeid,England,europe,Human
>NORW-22466C,EPI_ISL_1178428,2021-02-15,61,mfhlvdfqvtiaeilliimrtfkvsiwnldyiinpiiknlsksltenkysqldeeqpmeid,England,europe,Human
>NORT-290962,EPI_ISL_1178416,2021-01-14,61,mfhlvdfqvtiaeilliimrtfkvsiwnldyiinliiknlsksltenkysqldeeqpmeid,England,europe,Human
>NORT-1B8EF96,EPI_ISL_1178202,2021-01-27,61,mfhlvdfqvtiaeilliimrtfkvsiwnldyiinliiknlsksltenkysqldeeqpmeid,England,europe,Human
>NORT-1B8E312,EPI_ISL_1178129,2021-02-17,61,mfhlvdfqvtiaeilliimrtfkvsiwnldyiinliiknlsksltenkysqldeeqpmeid,England,europe,Human
>MILK-132080C,EPI_ISL_1178117,2021-02-22,61,mfhlvdfqvtiaeilliimrtfkvsiwnldyiinliiknlsksltenkysqldeeqpmeid,England,europe,Human
>RAND-12182CE,EPI_ISL_1179921,2021-01-28,61,mfhlvdfqvtiaeilliimrtfkvsiwnldyiinliiknlsksltenkysqldeeqpmeid,England,europe,Human
>NORW-22D27E,EPI_ISL_1178535,2021-02-09,61,mfhlvdfqvtiaeilliimrtfkvsiwnldyiinliiknlsksltenkysqldeeqpmeid,England,europe,Human
>NOTT-25145D,EPI_ISL_1178620,2021-02-14,61,mfhlvdfqvtiaeilliimrtfkvsiwnldyiinliiknlsksltenkysqldeeqpmeid,England,europe,Human
>TFCI-2706D33,EPI_ISL_1180120,2021-02-23,61,mfhlvdfqvtiaeilliimrtfkvsiwnldyiinliiknlsksltenkysqldeeqpmeid,England,europe,Human
>NC-IBV-97019755,EPI_ISL_1179701,2021-02-11,61,mfhlvdfqvtiaeilliimrtfkvsiwnldyiinliiknlsksltenkysqldeeqpmeid,Spain,europe,Human
>LOND-12FE48C,EPI_ISL_1178034,2021-03-01,61,mfhlvdfqvtiaeilliimrtfkvsiwnldyiinliiknlsksltenkysqldeeqpmeid,England,europe,Human
>NORT-1BAF64F,EPI_ISL_1178321,2021-01-18,61,mfhlvdfqvtiaeilliimrtfkvsiwnldyiinliiknlsksltenkysqldeeqpmeid,England,europe,Human
>LIVE-E02EF7,EPI_ISL_1177959,2021-02-20,61,mfhlvdfqvtiaeilliimrtfkvsiwnldyiinliiknlsksltenkysqldeeqpmeid,England,europe,Human
>NC-IBV-97020613,EPI_ISL_1179802,2021-02-06,61,mfhlvdfqvtiaeilliimrtfkvsiwnldyiinliiknlsksltenkysqldeeqpmeid,Spain,europe,Human
>LOND-13369E2,EPI_ISL_1178065,2021-02-25,61,mfhlvdfqvtiaeilliimrtfkvsiwnldyiinliiknlsksltenkysqldeeqpmeid,England,europe,Human
>PORT-1E78DED,EPI_ISL_1179750,2021-02-18,61,mfhlvdfqvtiaeilliimrtfkvsiwnldyiinliiknlsksltenkysqldeeqpmeid,England,europe,Human
>RAND-1218CEE,EPI_ISL_1179983,2021-01-27,61,mfhlvdfqvtiaeilliimrtfkvsiwnldyiinliiknlsksltenkysqldeeqpmeid,England,europe,Human
>LIVE-E007FE,EPI_ISL_1177908,2021-01-20,61,mfhlvdfqvtiaeilliimrtfkvsiwnldyiinliiknlsksltenkysqldeeqpmeid,England,europe,Human
>NORT-2903EC,EPI_ISL_1178370,2021-01-11,61,mfhlvdfqvtiaeilliimrtfkvsiwnldyiinliiknlsksltenkysqldeeqpmeid,England,europe,Human
>NOTT-250B86,EPI_ISL_1178564,2021-02-25,61,mfhlvdfqvtiaeilliimrtfkvsiwnldyiinliiknlsksltenkysqldeeqpmeid,England,europe,Human
>NOTT-251930,EPI_ISL_1178671,2021-02-16,61,mfhlvdfqvtiaeilliimrtfkvsiwnldyiinliiknlsksltenkysqldeeqpmeid,England,europe,Human
>PORT-1E6E588,EPI_ISL_1179680,2021-00-00,61,mfhlvdfqvtiaeilliimrtfkvsiwnldyiinliiknlsksltenkysqldeeqpmeid,England,europe,Human
>PORT-2F039F,EPI_ISL_1179853,2021-02-24,61,mfhlvdfqvtiaeilliimrtfkvsiwnldyiinliiknlsksltenkysqldeeqpmeid,England,europe,Human
>PORT-1E791B3,EPI_ISL_1179814,2021-02-19,61,mfhlvdfqvtiaeilliimrtfkvsiwnldyiinliiknlsksltenkysqldeeqpmeid,England,europe,Human
>TFCI-2706EA9,EPI_ISL_1180136,2021-03-02,61,mfhlvdfqvtiaeilliimrtfkvsiwnldyiinliiknlsksltenkysqldeeqpmeid,England,europe,Human
>NOTT-251657,EPI_ISL_1178636,2021-02-18,61,mfhlvdfqvtiaeilliimrtfkvsiwnldyiinliiknlsksltenkysqldeeqpmeid,England,europe,Human
>TFCI-2706C72,EPI_ISL_1180108,2021-01-07,61,mfhlvdfqvtiaeilliimrtfkvsiwnldyiinliiknlsksltenkysqldeeqpmeid,England,europe,Human
>NOTT-251323,EPI_ISL_1178608,2021-02-10,61,mfhlvdfqvtiaeilliimrtfkvsiwnldyiinliiknlsksltenkysqldeeqpmeid,England,europe,Human
>NORW-22D180,EPI_ISL_1178523,2021-02-14,61,mfhlvdfqvtiaeilliimrtfkvsiwnldyiinliiknlsksltenkysqldeeqpmeid,England,europe,Human
>PORT-1E6E870,EPI_ISL_1179729,2021-02-12,61,mfhlvdfqvtiaeilliimrtfkvsiwnldyiinliiknlsksltenkysqldeeqpmeid,England,europe,Human
>LOND-12FE264,EPI_ISL_1178022,2021-03-02,61,mfhlvdfqvtiaeilliimrtfkvsiwnldyiinliiknlsksltenkysqldeeqpmeid,England,europe,Human
>PORT-1E6E791,EPI_ISL_1179717,2021-02-13,61,mfhlvdfqvtiaeilliimrtfkvsiwnldyiinliiknlsksltenkysqldeeqpmeid,England,europe,Human
>SHEF-10D28A2,EPI_ISL_1180089,2021-01-29,61,mfhlvdfqvtiaeilliimrtfkvsiwnldyiinliiknlsksltenkysqldeeqpmeid,England,europe,Human
>NORT-1BAF24B,EPI_ISL_1178288,2021-01-24,61,mfhlvdfqvtiaeilliimrtfkvsiwnldyiinliiknlsksltenkysqldeeqpmeid,England,europe,Human
>NC-IBV-97019753,EPI_ISL_1179696,2021-02-11,61,mfhlvdfqvtiaeilliimrtfkvsiwnldyiinliiknlsksltenkysqldeeqpmeid,Spain,europe,Human
>PORT-2ED6C9,EPI_ISL_1179845,2021-00-00,61,mfhlvdfqvtiaeilliimrtfkvsiwnldyiinliiknlsksltenkysqldeeqpmeid,England,europe,Human
>NC-IBV-97020598,EPI_ISL_1179778,2020-09-01,61,mfhlvdfqvtiaeilliimrtfkvsiwnldyiinliiknlsksltenkysqldeeqpmeid,Spain,europe,Human
>NORT-2903A0,EPI_ISL_1178366,2021-01-10,61,mfhlvdfqvtiaeilliimrtfkvsiwnldyiinliiknlsksltenkysqldeeqpmeid,England,europe,Human
>PORT-1E78DB0,EPI_ISL_1179746,2021-02-18,61,mfhlvdfqvtiaeilliimrtfkvsiwnldyiinliiknlsksltenkysqldeeqpmeid,England,europe,Human
>MILK-12C648D,EPI_ISL_1178073,2021-02-15,61,mfhlvdfqvtiaeilliimrtfkvsiwnldyiinliiknlsksltenkysqldeeqpmeid,England,europe,Human
>NORT-1BB61CC,EPI_ISL_1178358,2021-01-15,61,mfhlvdfqvtiaeilliimrtfkvsiwnldyiinliiknlsksltenkysqldeeqpmeid,England,europe,Human
>RAND-1218E33,EPI_ISL_1179995,2021-01-27,61,mfhlvdfqvtiaeilliimrtfkvsiwnldyiinliiknlsksltenkysqldeeqpmeid,England,europe,Human
>NOTT-2518D9,EPI_ISL_1178667,2021-02-15,61,mfhlvdfqvtiaeilliimrtfkvsiwnldyiinliiknlsksltenkysqldeeqpmeid,England,europe,Human
>NOTT-250D08,EPI_ISL_1178572,2021-02-27,61,mfhlvdfqvtiaeilliimrtfkvsiwnldyiinliiknlsksltenkysqldeeqpmeid,England,europe,Human
>NOTT-251842,EPI_ISL_1178659,2021-02-12,61,mfhlvdfqvtiaeilliimrtfkvsiwnldyiinliiknlsksltenkysqldeeqpmeid,England,europe,Human
>8835,EPI_ISL_1180159,2021-02-08,61,mfhlvdfqvtiaeilliimrtfkvsiwnldyiinliiknlsksltenkysqldeeqpmeid,North Macedonia,europe,Human
>NOTT-251BEF,EPI_ISL_1178694,2021-02-22,61,mfhlvdfqvtiaeilliimrtfkvsiwnldyiinliiknlsksltenkysqldeeqpmeid,England,europe,Human
>NOTT-250F5D,EPI_ISL_1178581,2021-03-01,61,mfhlvdfqvtiaeilliimrtfkvsiwnldyiinliiknlsksltenkysqldeeqpmeid,England,europe,Human
>RAND-12187ED,EPI_ISL_1179958,2021-01-27,61,mfhlvdfqvtiaeilliimrtfkvsiwnldyiinliiknlsksltenkysqldeeqpmeid,England,europe,Human
>NORT-2905C8,EPI_ISL_1178395,2021-01-10,61,mfhlvdfqvtiaeilliimrtfkvsiwnldyiinliiknlsksltenkysqldeeqpmeid,England,europe,Human
>RAND-1218A8A,EPI_ISL_1179966,2021-01-28,61,mfhlvdfqvtiaeilliimrtfkvsiwnldyiinliiknlsksltenkysqldeeqpmeid,England,europe,Human
>MILK-12C661E,EPI_ISL_1178080,2021-02-16,61,mfhlvdfqvtiaeilliimrtfkvsiwnldyiinliiknlsksltenkysqldeeqpmeid,England,europe,Human
>NORT-1B8E822,EPI_ISL_1178150,2021-01-30,61,mfhlvdfqvtiaeilliimrtfkvsiwnldyiinliiknlsksltenkysqldeeqpmeid,England,europe,Human
>PORT-1E6E403,EPI_ISL_1179665,2021-02-13,61,mfhlvdfqvtiaeilliimrtfkvsiwnldyiinliiknlsksltenkysqldeeqpmeid,England,europe,Human
>PORT-2F06C3,EPI_ISL_1179888,2021-02-19,61,mfhlvdfqvtiaeilliimrtfkvsiwnldyiinliiknlsksltenkysqldeeqpmeid,England,europe,Human
>NORW-22B42F,EPI_ISL_1178451,2021-01-23,61,mfhlvdfqvtiaeilliimrtfkvsiwnldyiinliiknlsksltenkysqldeeqpmeid,England,europe,Human
>RAND-1219333,EPI_ISL_1180044,2021-01-28,61,mfhlvdfqvtiaeilliimrtfkvsiwnldyiinliiknlsksltenkysqldeeqpmeid,England,europe,Human
>RAND-12181EF,EPI_ISL_1179909,2021-01-28,61,mfhlvdfqvtiaeilliimrtfkvsiwnldyiinliiknlsksltenkysqldeeqpmeid,England,europe,Human
>RAND-121855C,EPI_ISL_1179937,2021-01-28,61,mfhlvdfqvtiaeilliimrtfkvsiwnldyiinliiknlsksltenkysqldeeqpmeid,England,europe,Human
>NORT-290610,EPI_ISL_1178400,2021-01-10,61,mfhlvdfqvtiaeilliimrtfkvsiwnldyiinliiknlsksltenkysqldeeqpmeid,England,europe,Human
>RAND-1218FA9,EPI_ISL_1180015,2021-01-28,61,mfhlvdfqvtiaeilliimrtfkvsiwnldyiinliiknlsksltenkysqldeeqpmeid,England,europe,Human
>MILK-1320444,EPI_ISL_1178101,2021-02-22,61,mfhlvdfqvtiaeilliimrtfkvsiwnldyiinliiknlsksltenkysqldeeqpmeid,England,europe,Human
>NORT-1B8F311,EPI_ISL_1178214,2021-01-25,61,mfhlvdfqvtiaeilliimrtfkvsiwnldyiinliiknlsksltenkysqldeeqpmeid,England,europe,Human
>PORT-2DA5C2,EPI_ISL_1179835,2021-01-01,61,mfhlvdfqvtiaeilliimrtfkvsiwnldyiinliiknlsksltenkysqldeeqpmeid,England,europe,Human
>NOTT-2515C3,EPI_ISL_1178629,2021-02-17,61,mfhlvdfqvtiaeilliimrtfkvsiwnldyiinliiknlsksltenkysqldeeqpmeid,England,europe,Human
>TFCI-2706DF7,EPI_ISL_1180129,2021-02-27,61,mfhlvdfqvtiaeilliimrtfkvsiwnldyiinliiknlsksltenkysqldeeqpmeid,England,europe,Human
>NORW-22C145,EPI_ISL_1178502,2021-01-31,61,mfhlvdfqvtiaeilliimrtfkvsiwnldyiinliiknlsksltenkysqldeeqpmeid,England,europe,Human
>NOTT-251411,EPI_ISL_1178617,2021-02-13,61,mfhlvdfqvtiaeilliimrtfkvsiwnldyiinliiknlsksltenkysqldeeqpmeid,England,europe,Human
>TFCI-2706D06,EPI_ISL_1180117,2021-02-22,61,mfhlvdfqvtiaeilliimrtfkvsiwnldyiinliiknlsksltenkysqldeeqpmeid,England,europe,Human
>NORT-1BB5F78,EPI_ISL_1178328,2021-01-09,61,mfhlvdfqvtiaeilliimrtfkvsiwnldyiinliiknlsksltenkysqldeeqpmeid,England,europe,Human
>LIVE-E02DEB,EPI_ISL_1177950,2021-02-18,61,mfhlvdfqvtiaeilliimrtfkvsiwnldyiinliiknlsksltenkysqldeeqpmeid,England,europe,Human
>PORT-1E78D0B,EPI_ISL_1179736,2021-00-00,61,mfhlvdfqvtiaeilliimrtfkvsiwnldyiinliiknlsksltenkysqldeeqpmeid,England,europe,Human
>LOND-128A5A0,EPI_ISL_1178003,2021-02-18,61,mfhlvdfqvtiaeilliimrtfkvsiwnldyiinliiknlsksltenkysqldeeqpmeid,England,europe,Human
>NORT-1BAF5BB,EPI_ISL_1178316,2021-01-17,61,mfhlvdfqvtiaeilliimrtfkvsiwnldyiinliiknlsksltenkysqldeeqpmeid,England,europe,Human
>NC-IBV-97019759,EPI_ISL_1179708,2021-02-11,61,mfhlvdfqvtiaeilliimrtfkvsiwnldyiinliiknlsksltenkysqldeeqpmeid,Spain,europe,Human
>SHEF-10D5AE5,EPI_ISL_1180096,2021-03-01,61,mfhlvdfqvtiaeilliimrtfkvsiwnldyiinliiknlsksltenkysqldeeqpmeid,England,europe,Human
>NORW-22BDAC,EPI_ISL_1178483,2021-01-26,61,mfhlvdfqvtiaeilliimrtfkvsiwnldyiinliiknlsksltenkysqldeeqpmeid,England,europe,Human
>NORT-1BAF375,EPI_ISL_1178297,2021-01-19,61,mfhlvdfqvtiaeilliimrtfkvsiwnldyiinliiknlsksltenkysqldeeqpmeid,England,europe,Human
>PORT-1E6E61C,EPI_ISL_1179689,2021-02-14,61,mfhlvdfqvtiaeilliimrtfkvsiwnldyiinliiknlsksltenkysqldeeqpmeid,England,europe,Human
>PORT-2F0441,EPI_ISL_1179864,2021-02-22,61,mfhlvdfqvtiaeilliimrtfkvsiwnldyiinliiknlsksltenkysqldeeqpmeid,England,europe,Human
>NORT-1B8EDBA,EPI_ISL_1178182,2021-01-20,61,mfhlvdfqvtiaeilliimrtfkvsiwnldyiinliiknlsksltenkysqldeeqpmeid,England,europe,Human
>LIVE-DFFE94,EPI_ISL_1177901,2021-02-12,61,mfhlvdfqvtiaeilliimrtfkvsiwnldyiinliiknlsksltenkysqldeeqpmeid,England,europe,Human
>LOND-133689A,EPI_ISL_1178052,2021-02-25,61,mfhlvdfqvtiaeilliimrtfkvsiwnldyiinliiknlsksltenkysqldeeqpmeid,England,europe,Human
>PORT-1E78EF9,EPI_ISL_1179767,2021-02-17,61,mfhlvdfqvtiaeilliimrtfkvsiwnldyiinliiknlsksltenkysqldeeqpmeid,England,europe,Human
>NC-IBV-97020568,EPI_ISL_1179759,2020-09-07,61,mfhlvdfqvtiaeilliimrtfkvsiwnldyiinliiknlsksltenkysqldeeqpmeid,Spain,europe,Human
>NORT-1BB60B0,EPI_ISL_1178347,2021-01-05,61,mfhlvdfqvtiaeilliimrtfkvsiwnldyiinliiknlsksltenkysqldeeqpmeid,England,europe,Human
>NORW-22D496,EPI_ISL_1178553,2021-02-20,61,mfhlvdfqvtiaeilliimrtfkvsiwnldyiinliiknlsksltenkysqldeeqpmeid,England,europe,Human
>NOTT-2519C7,EPI_ISL_1178678,2021-02-17,61,mfhlvdfqvtiaeilliimrtfkvsiwnldyiinliiknlsksltenkysqldeeqpmeid,England,europe,Human
>NOTT-251709,EPI_ISL_1178646,2021-02-19,61,mfhlvdfqvtiaeilliimrtfkvsiwnldyiinliiknlsksltenkysqldeeqpmeid,England,europe,Human
>PORT-1E7903E,EPI_ISL_1179794,2020-12-15,61,mfhlvdfqvtiaeilliimrtfkvsiwnldyiinliiknlsksltenkysqldeeqpmeid,England,europe,Human
>RAND-12186C2,EPI_ISL_1179947,2021-01-28,61,mfhlvdfqvtiaeilliimrtfkvsiwnldyiinliiknlsksltenkysqldeeqpmeid,England,europe,Human
>RAND-1218C75,EPI_ISL_1179979,2021-01-28,61,mfhlvdfqvtiaeilliimrtfkvsiwnldyiinliiknlsksltenkysqldeeqpmeid,England,europe,Human
>NORT-1B8EBFC,EPI_ISL_1178171,2021-01-20,61,mfhlvdfqvtiaeilliimrtfkvsiwnldyiinliiknlsksltenkysqldeeqpmeid,England,europe,Human
>RAND-1217DFB,EPI_ISL_1179897,2021-01-28,61,mfhlvdfqvtiaeilliimrtfkvsiwnldyiinliiknlsksltenkysqldeeqpmeid,England,europe,Human
>SHEF-10CA3D9,EPI_ISL_1180065,2021-02-28,61,mfhlvdfqvtiaeilliimrtfkvsiwnldyiinliiknlsksltenkysqldeeqpmeid,England,europe,Human
>NORW-22BB93,EPI_ISL_1178470,2021-01-28,61,mfhlvdfqvtiaeilliimrtfkvsiwnldyiinliiknlsksltenkysqldeeqpmeid,England,europe,Human
>RAND-1218255,EPI_ISL_1179916,2021-01-28,61,mfhlvdfqvtiaeilliimrtfkvsiwnldyiinliiknlsksltenkysqldeeqpmeid,England,europe,Human
>RAND-121845F,EPI_ISL_1179928,2021-01-28,61,mfhlvdfqvtiaeilliimrtfkvsiwnldyiinliiknlsksltenkysqldeeqpmeid,England,europe,Human
>RAND-121912A,EPI_ISL_1180034,2021-01-28,61,mfhlvdfqvtiaeilliimrtfkvsiwnldyiinliiknlsksltenkysqldeeqpmeid,England,europe,Human
>MILK-13208C0,EPI_ISL_1178120,2021-02-22,61,mfhlvdfqvtiaeilliimrtfkvsiwnldyiinliiknlsksltenkysqldeeqpmeid,England,europe,Human
>PORT-2F04AB,EPI_ISL_1179868,2021-02-25,61,mfhlvdfqvtiaeilliimrtfkvsiwnldyiinliiknlsksltenkysqldeeqpmeid,England,europe,Human
>PORT-1E6E5E2,EPI_ISL_1179685,2021-02-13,61,mfhlvdfqvtiaeilliimrtfkvsiwnldyiinliiknlsksltenkysqldeeqpmeid,England,europe,Human
>PORT-2F03CC,EPI_ISL_1179856,2021-02-26,61,mfhlvdfqvtiaeilliimrtfkvsiwnldyiinliiknlsksltenkysqldeeqpmeid,England,europe,Human
>LOND-1336979,EPI_ISL_1178060,2021-02-25,61,mfhlvdfqvtiaeilliimrtfkvsiwnldyiinliiknlsksltenkysqldeeqpmeid,England,europe,Human
>PORT-1E78E35,EPI_ISL_1179755,2021-02-21,61,mfhlvdfqvtiaeilliimrtfkvsiwnldyiinliiknlsksltenkysqldeeqpmeid,England,europe,Human
>RAND-1218D63,EPI_ISL_1179986,2021-01-28,61,mfhlvdfqvtiaeilliimrtfkvsiwnldyiinliiknlsksltenkysqldeeqpmeid,England,europe,Human
>NOTT-25012A,EPI_ISL_1178561,2021-02-24,61,mfhlvdfqvtiaeilliimrtfkvsiwnldyiinliiknlsksltenkysqldeeqpmeid,England,europe,Human
>NOTT-25196D,EPI_ISL_1178674,2021-02-17,61,mfhlvdfqvtiaeilliimrtfkvsiwnldyiinliiknlsksltenkysqldeeqpmeid,England,europe,Human
>PORT-1E79168,EPI_ISL_1179807,2021-00-00,61,mfhlvdfqvtiaeilliimrtfkvsiwnldyiinliiknlsksltenkysqldeeqpmeid,England,europe,Human
>NORW-22D214,EPI_ISL_1178530,2021-02-14,61,mfhlvdfqvtiaeilliimrtfkvsiwnldyiinliiknlsksltenkysqldeeqpmeid,England,europe,Human
>NOTT-251578,EPI_ISL_1178625,2021-02-15,61,mfhlvdfqvtiaeilliimrtfkvsiwnldyiinliiknlsksltenkysqldeeqpmeid,England,europe,Human
>TFCI-2706DBB,EPI_ISL_1180125,2021-02-27,61,mfhlvdfqvtiaeilliimrtfkvsiwnldyiinliiknlsksltenkysqldeeqpmeid,England,europe,Human
>PORT-1E6E70A,EPI_ISL_1179704,2021-02-13,61,mfhlvdfqvtiaeilliimrtfkvsiwnldyiinliiknlsksltenkysqldeeqpmeid,England,europe,Human
>LOND-12FE404,EPI_ISL_1178031,2021-03-02,61,mfhlvdfqvtiaeilliimrtfkvsiwnldyiinliiknlsksltenkysqldeeqpmeid,England,europe,Human
>RAND-12182FB,EPI_ISL_1179924,2021-01-29,61,mfhlvdfqvtiaeilliimrtfkvsiwnldyiinliiknlsksltenkysqldeeqpmeid,England,europe,Human
>RAND-1218F03,EPI_ISL_1180006,2021-01-28,61,mfhlvdfqvtiaeilliimrtfkvsiwnldyiinliiknlsksltenkysqldeeqpmeid,England,europe,Human
>NORT-2908CF,EPI_ISL_1178413,2021-01-14,61,mfhlvdfqvtiaeilliimrtfkvsiwnldyiinliiknlsksltenkysqldeeqpmeid,England,europe,Human
>RAND-1219166,EPI_ISL_1180038,2021-01-29,61,mfhlvdfqvtiaeilliimrtfkvsiwnldyiinliiknlsksltenkysqldeeqpmeid,Northern Ireland,europe,Human
>NORT-1B8F250,EPI_ISL_1178207,2021-01-25,61,mfhlvdfqvtiaeilliimrtfkvsiwnldyiinliiknlsksltenkysqldeeqpmeid,England,europe,Human
>MILK-132072D,EPI_ISL_1178112,2021-02-22,61,mfhlvdfqvtiaeilliimrtfkvsiwnldyiinliiknlsksltenkysqldeeqpmeid,England,europe,Human
>NORT-1B99AA6,EPI_ISL_1178239,2021-01-17,61,mfhlvdfqvtiaeilliimrtfkvsiwnldyiinliiknlsksltenkysqldeeqpmeid,England,europe,Human
>NOTT-251138,EPI_ISL_1178592,2021-02-04,61,mfhlvdfqvtiaeilliimrtfkvsiwnldyiinliiknlsksltenkysqldeeqpmeid,England,europe,Human
>RAND-1218C0C,EPI_ISL_1179975,2021-01-27,61,mfhlvdfqvtiaeilliimrtfkvsiwnldyiinliiknlsksltenkysqldeeqpmeid,England,europe,Human
>MILK-12C68CD,EPI_ISL_1178093,2021-02-15,61,mfhlvdfqvtiaeilliimrtfkvsiwnldyiinliiknlsksltenkysqldeeqpmeid,England,europe,Human
>NC-IBV-97020609,EPI_ISL_1179798,2020-09-10,61,mfhlvdfqvtiaeilliimrtfkvsiwnldyiinliiknlsksltenkysqldeeqpmeid,Spain,europe,Human
>PORT-1E6E2FA,EPI_ISL_1179648,2021-02-15,61,mfhlvdfqvtiaeilliimrtfkvsiwnldyiinliiknlsksltenkysqldeeqpmeid,England,europe,Human
>PORT-1E6E500,EPI_ISL_1179676,2021-02-14,61,mfhlvdfqvtiaeilliimrtfkvsiwnldyiinliiknlsksltenkysqldeeqpmeid,England,europe,Human
>NORT-1B8E716,EPI_ISL_1178143,2021-01-27,61,mfhlvdfqvtiaeilliimrtfkvsiwnldyiinliiknlsksltenkysqldeeqpmeid,England,europe,Human
>SHEF-10C721B,EPI_ISL_1180057,2021-03-01,61,mfhlvdfqvtiaeilliimrtfkvsiwnldyiinliiknlsksltenkysqldeeqpmeid,England,europe,Human
>SHEF-10CB60C,EPI_ISL_1180069,2021-02-28,61,mfhlvdfqvtiaeilliimrtfkvsiwnldyiinliiknlsksltenkysqldeeqpmeid,England,europe,Human
>NORW-22B2F8,EPI_ISL_1178442,2021-01-08,61,mfhlvdfqvtiaeilliimrtfkvsiwnldyiinliiknlsksltenkysqldeeqpmeid,England,europe,Human
>NORW-22BE6D,EPI_ISL_1178490,2021-01-23,61,mfhlvdfqvtiaeilliimrtfkvsiwnldyiinliiknlsksltenkysqldeeqpmeid,England,europe,Human
>SHEF-10D1CB6,EPI_ISL_1180085,2021-03-01,61,mfhlvdfqvtiaeilliimrtfkvsiwnldyiinliiknlsksltenkysqldeeqpmeid,England,europe,Human
>PORT-2F05F3,EPI_ISL_1179877,2021-02-20,61,mfhlvdfqvtiaeilliimrtfkvsiwnldyiinliiknlsksltenkysqldeeqpmeid,England,europe,Human
>NORT-1B8EE99,EPI_ISL_1178191,2021-01-20,61,mfhlvdfqvtiaeilliimrtfkvsiwnldyiinliiknlsksltenkysqldeeqpmeid,England,europe,Human
>PORT-2ED74E,EPI_ISL_1179849,2021-00-00,61,mfhlvdfqvtiaeilliimrtfkvsiwnldyiinliiknlsksltenkysqldeeqpmeid,England,europe,Human
>RAND-1218E9D,EPI_ISL_1179999,2021-01-28,61,mfhlvdfqvtiaeilliimrtfkvsiwnldyiinliiknlsksltenkysqldeeqpmeid,England,europe,Human
>NORT-1BB6162,EPI_ISL_1178354,2021-01-15,61,mfhlvdfqvtiaeilliimrtfkvsiwnldyiinliiknlsksltenkysqldeeqpmeid,England,europe,Human
>PORT-1E78F7E,EPI_ISL_1179774,2021-02-17,61,mfhlvdfqvtiaeilliimrtfkvsiwnldyiinliiknlsksltenkysqldeeqpmeid,England,europe,Human
>LOND-1336742,EPI_ISL_1178041,2021-02-22,61,mfhlvdfqvtiaeilliimrtfkvsiwnldyiinliiknlsksltenkysqldeeqpmeid,England,europe,Human
>LIVE-E0102F,EPI_ISL_1177912,2021-02-16,61,mfhlvdfqvtiaeilliimrtfkvsiwnldyiinliiknlsksltenkysqldeeqpmeid,England,europe,Human
>NOTT-2517EB,EPI_ISL_1178655,2021-02-11,61,mfhlvdfqvtiaeilliimrtfkvsiwnldyiinliiknlsksltenkysqldeeqpmeid,England,europe,Human
>8958,EPI_ISL_1180155,2021-02-08,61,mfhlvdfqvtiaeilliimrtfkvsiwnldyiinliiknlsksltenkysqldeeqpmeid,North Macedonia,europe,Human
>NORW-22D2E7,EPI_ISL_1178540,2021-02-12,61,mfhlvdfqvtiaeilliimrtfkvsiwnldyiinliiknlsksltenkysqldeeqpmeid,England,europe,Human
>PORT-2DA498,EPI_ISL_1179826,2021-00-00,61,mfhlvdfqvtiaeilliimrtfkvsiwnldyiinliiknlsksltenkysqldeeqpmeid,England,europe,Human
>PORT-1E791E0,EPI_ISL_1179818,2021-02-20,61,mfhlvdfqvtiaeilliimrtfkvsiwnldyiinliiknlsksltenkysqldeeqpmeid,England,europe,Human
>SHEF-10D8842,EPI_ISL_1180104,2021-03-01,61,mfhlvdfqvtiaeilliimrtfkvsiwnldyiinliiknlsksltenkysqldeeqpmeid,England,europe,Human
>NOTT-2512DB,EPI_ISL_1178604,2021-02-10,61,mfhlvdfqvtiaeilliimrtfkvsiwnldyiinliiknlsksltenkysqldeeqpmeid,England,europe,Human
>NORW-22CD14,EPI_ISL_1178511,2021-02-02,61,mfhlvdfqvtiaeilliimrtfkvsiwnldyiinliiknlsksltenkysqldeeqpmeid,England,europe,Human
>NORT-1BAF436,EPI_ISL_1178305,2021-01-19,61,mfhlvdfqvtiaeilliimrtfkvsiwnldyiinliiknlsksltenkysqldeeqpmeid,England,europe,Human
>LOND-12F6FDE,EPI_ISL_1178010,2021-01-16,61,mfhlvdfqvtiaeilliimrtfkvsiwnldyiinliiknlsksltenkysqldeeqpmeid,England,europe,Human
>NC-IBV-97019767,EPI_ISL_1179725,2021-02-12,61,mfhlvdfqvtiaeilliimrtfkvsiwnldyiinliiknlsksltenkysqldeeqpmeid,Spain,europe,Human
>LIVE-E02D18,EPI_ISL_1177943,2021-02-20,61,mfhlvdfqvtiaeilliimrtfkvsiwnldyiinliiknlsksltenkysqldeeqpmeid,England,europe,Human
>RAND-12181A3,EPI_ISL_1179905,2021-01-28,61,mfhlvdfqvtiaeilliimrtfkvsiwnldyiinliiknlsksltenkysqldeeqpmeid,England,europe,Human
>NORW-22B085,EPI_ISL_1178432,2021-01-09,61,mfhlvdfqvtiaeilliimrtfkvsiwnldyiinliiknlsksltenkysqldeeqpmeid,England,europe,Human
>RAND-1218FF4,EPI_ISL_1180019,2021-01-28,61,mfhlvdfqvtiaeilliimrtfkvsiwnldyiinliiknlsksltenkysqldeeqpmeid,England,europe,Human
>RAND-12190B4,EPI_ISL_1180027,2021-01-27,61,mfhlvdfqvtiaeilliimrtfkvsiwnldyiinliiknlsksltenkysqldeeqpmeid,England,europe,Human
>NORT-1B8E4F1,EPI_ISL_1178133,2021-02-22,61,mfhlvdfqvtiaeilliimrtfkvsiwnldyiinliiknlsksltenkysqldeeqpmeid,England,europe,Human
>NORT-1B8F3D5,EPI_ISL_1178218,2021-01-26,61,mfhlvdfqvtiaeilliimrtfkvsiwnldyiinliiknlsksltenkysqldeeqpmeid,England,europe,Human
>NOTT-251C28,EPI_ISL_1178698,2021-02-23,61,mfhlvdfqvtiaeilliimrtfkvsiwnldyiinliiknlsksltenkysqldeeqpmeid,England,europe,Human
>PORT-1E78FE7,EPI_ISL_1179787,2021-02-17,61,mfhlvdfqvtiaeilliimrtfkvsiwnldyiinliiknlsksltenkysqldeeqpmeid,England,europe,Human
>NORT-290601,EPI_ISL_1178399,2021-01-20,61,mfhlvdfqvtiaeilliimrtfkvsiwnldyiinliiknlsksltenkysqldeeqpmeid,England,europe,Human
>RAND-1218738,EPI_ISL_1179954,2021-01-27,61,mfhlvdfqvtiaeilliimrtfkvsiwnldyiinliiknlsksltenkysqldeeqpmeid,England,europe,Human
>NORT-1B99BD0,EPI_ISL_1178249,2021-01-18,61,mfhlvdfqvtiaeilliimrtfkvsiwnldyiinliiknlsksltenkysqldeeqpmeid,England,europe,Human
>NORT-1B8E96B,EPI_ISL_1178162,2021-01-31,61,mfhlvdfqvtiaeilliimrtfkvsiwnldyiinliiknlsksltenkysqldeeqpmeid,England,europe,Human
>PORT-1E6E38E,EPI_ISL_1179657,2021-02-12,61,mfhlvdfqvtiaeilliimrtfkvsiwnldyiinliiknlsksltenkysqldeeqpmeid,England,europe,Human
>PORT-2F0678,EPI_ISL_1179884,2021-02-20,61,mfhlvdfqvtiaeilliimrtfkvsiwnldyiinliiknlsksltenkysqldeeqpmeid,England,europe,Human
>PORT-1E6E44F,EPI_ISL_1179669,2021-02-13,61,mfhlvdfqvtiaeilliimrtfkvsiwnldyiinliiknlsksltenkysqldeeqpmeid,England,europe,Human
>RAND-121937F,EPI_ISL_1180048,2021-01-29,61,mfhlvdfqvtiaeilliimrtfkvsiwnldyiinliiknlsksltenkysqldeeqpmeid,Northern Ireland,europe,Human
>NORW-22B9F3,EPI_ISL_1178463,2021-01-26,61,mfhlvdfqvtiaeilliimrtfkvsiwnldyiinliiknlsksltenkysqldeeqpmeid,England,europe,Human
>SHEF-10CE0FC,EPI_ISL_1180076,2021-02-27,61,mfhlvdfqvtiaeilliimrtfkvsiwnldyiinliiknlsksltenkysqldeeqpmeid,England,europe,Human
>MILK-1320392,EPI_ISL_1178098,2021-02-22,61,mfhlvdfqvtiaeilliimrtfkvsiwnldyiinliiknlsksltenkysqldeeqpmeid,England,europe,Human
>NC-IBV-97020606,EPI_ISL_1179793,2020-09-09,61,mfhlvdfqvtiaeilliimrtfkvsiwnldyiinliiknlsksltenkysqldeeqpmeid,Spain,europe,Human
>RAND-1218659,EPI_ISL_1179940,2021-01-28,61,mfhlvdfqvtiaeilliimrtfkvsiwnldyiinliiknlsksltenkysqldeeqpmeid,England,europe,Human
>NOTT-251208,EPI_ISL_1178599,2021-02-08,61,mfhlvdfqvtiaeilliimrtfkvsiwnldyiinliiknlsksltenkysqldeeqpmeid,England,europe,Human
>NORW-22BD06,EPI_ISL_1178477,2021-01-26,61,mfhlvdfqvtiaeilliimrtfkvsiwnldyiinliiknlsksltenkysqldeeqpmeid,England,europe,Human
>SHEF-10C8881,EPI_ISL_1180062,2021-02-27,61,mfhlvdfqvtiaeilliimrtfkvsiwnldyiinliiknlsksltenkysqldeeqpmeid,England,europe,Human
>NORW-22B3B9,EPI_ISL_1178449,2021-01-26,61,mfhlvdfqvtiaeilliimrtfkvsiwnldyiinliiknlsksltenkysqldeeqpmeid,England,europe,Human
>NORT-1B8ECEA,EPI_ISL_1178176,2021-01-20,61,mfhlvdfqvtiaeilliimrtfkvsiwnldyiinliiknlsksltenkysqldeeqpmeid,England,europe,Human
>PORT-2F06E1,EPI_ISL_1179890,2021-02-19,61,mfhlvdfqvtiaeilliimrtfkvsiwnldyiinliiknlsksltenkysqldeeqpmeid,England,europe,Human
>NORT-1B8E7AD,EPI_ISL_1178148,2021-01-28,61,mfhlvdfqvtiaeilliimrtfkvsiwnldyiinliiknlsksltenkysqldeeqpmeid,England,europe,Human
>RAND-121820A,EPI_ISL_1179911,2021-01-27,61,mfhlvdfqvtiaeilliimrtfkvsiwnldyiinliiknlsksltenkysqldeeqpmeid,England,europe,Human
>NORT-1B8E29D,EPI_ISL_1178127,2021-02-17,61,mfhlvdfqvtiaeilliimrtfkvsiwnldyiinliiknlsksltenkysqldeeqpmeid,England,europe,Human
>MILK-13208B1,EPI_ISL_1178119,2021-02-21,61,mfhlvdfqvtiaeilliimrtfkvsiwnldyiinliiknlsksltenkysqldeeqpmeid,England,europe,Human
>NORT-1B999D6,EPI_ISL_1178232,2021-01-20,61,mfhlvdfqvtiaeilliimrtfkvsiwnldyiinliiknlsksltenkysqldeeqpmeid,England,europe,Human
>NORT-2909CC,EPI_ISL_1178418,2021-01-08,61,mfhlvdfqvtiaeilliimrtfkvsiwnldyiinliiknlsksltenkysqldeeqpmeid,England,europe,Human
>RAND-121911B,EPI_ISL_1180033,2021-01-28,61,mfhlvdfqvtiaeilliimrtfkvsiwnldyiinliiknlsksltenkysqldeeqpmeid,England,europe,Human
>PORT-2DA577,EPI_ISL_1179832,2021-01-23,61,mfhlvdfqvtiaeilliimrtfkvsiwnldyiinliiknlsksltenkysqldeeqpmeid,England,europe,Human
>NORT-1BAF4EB,EPI_ISL_1178311,2021-01-17,61,mfhlvdfqvtiaeilliimrtfkvsiwnldyiinliiknlsksltenkysqldeeqpmeid,England,europe,Human
>LOND-128A5BF,EPI_ISL_1178004,2021-02-21,61,mfhlvdfqvtiaeilliimrtfkvsiwnldyiinliiknlsksltenkysqldeeqpmeid,England,europe,Human
>PORT-1E6E88F,EPI_ISL_1179731,2021-02-12,61,mfhlvdfqvtiaeilliimrtfkvsiwnldyiinliiknlsksltenkysqldeeqpmeid,England,europe,Human
>LIVE-E02EBB,EPI_ISL_1177957,2021-02-04,61,mfhlvdfqvtiaeilliimrtfkvsiwnldyiinliiknlsksltenkysqldeeqpmeid,England,europe,Human
>TFCI-2706C90,EPI_ISL_1180110,2021-02-24,61,mfhlvdfqvtiaeilliimrtfkvsiwnldyiinliiknlsksltenkysqldeeqpmeid,England,europe,Human
>NOTT-251341,EPI_ISL_1178610,2021-02-11,61,mfhlvdfqvtiaeilliimrtfkvsiwnldyiinliiknlsksltenkysqldeeqpmeid,England,europe,Human
>NORW-22C1DC,EPI_ISL_1178505,2021-01-31,61,mfhlvdfqvtiaeilliimrtfkvsiwnldyiinliiknlsksltenkysqldeeqpmeid,England,europe,Human
>PORT-2F0432,EPI_ISL_1179863,2021-02-23,61,mfhlvdfqvtiaeilliimrtfkvsiwnldyiinliiknlsksltenkysqldeeqpmeid,England,europe,Human
>NORT-1B8EDF6,EPI_ISL_1178185,2021-01-20,61,mfhlvdfqvtiaeilliimrtfkvsiwnldyiinliiknlsksltenkysqldeeqpmeid,England,europe,Human
>NORT-1BAF287,EPI_ISL_1178290,2021-01-24,61,mfhlvdfqvtiaeilliimrtfkvsiwnldyiinliiknlsksltenkysqldeeqpmeid,England,europe,Human
>NORW-22BDBB,EPI_ISL_1178484,2021-01-28,61,mfhlvdfqvtiaeilliimrtfkvsiwnldyiinliiknlsksltenkysqldeeqpmeid,England,europe,Human
>SHEF-10D363E,EPI_ISL_1180091,2021-02-25,61,mfhlvdfqvtiaeilliimrtfkvsiwnldyiinliiknlsksltenkysqldeeqpmeid,England,europe,Human
>NOTT-2516B1,EPI_ISL_1178641,2021-02-19,61,mfhlvdfqvtiaeilliimrtfkvsiwnldyiinliiknlsksltenkysqldeeqpmeid,England,europe,Human
>SAR-0025,EPI_ISL_1180141,2021-02-24,61,mfhlvdfqvtiaeilliimrtfkvsiwnldyiinliiknlsksltenkysqldeeqpmeid,Italy,europe,Human
>NORW-22D539,EPI_ISL_1178554,2021-02-21,61,mfhlvdfqvtiaeilliimrtfkvsiwnldyiinliiknlsksltenkysqldeeqpmeid,England,europe,Human
>LIVE-E02C93,EPI_ISL_1177938,2021-02-18,61,mfhlvdfqvtiaeilliimrtfkvsiwnldyiinliiknlsksltenkysqldeeqpmeid,England,europe,Human
>PORT-1E78ECC,EPI_ISL_1179760,2021-02-17,61,mfhlvdfqvtiaeilliimrtfkvsiwnldyiinliiknlsksltenkysqldeeqpmeid,England,europe,Human
>LOND-13368C7,EPI_ISL_1178055,2021-02-28,61,mfhlvdfqvtiaeilliimrtfkvsiwnldyiinliiknlsksltenkysqldeeqpmeid,England,europe,Human
>LIVE-E006F1,EPI_ISL_1177906,2021-01-16,61,mfhlvdfqvtiaeilliimrtfkvsiwnldyiinliiknlsksltenkysqldeeqpmeid,England,europe,Human
>RAND-1218817,EPI_ISL_1179961,2021-01-27,61,mfhlvdfqvtiaeilliimrtfkvsiwnldyiinliiknlsksltenkysqldeeqpmeid,England,europe,Human
>MILK-12C6784,EPI_ISL_1178087,2021-02-16,61,mfhlvdfqvtiaeilliimrtfkvsiwnldyiinliiknlsksltenkysqldeeqpmeid,England,europe,Human
>NORT-29058C,EPI_ISL_1178392,2021-01-09,61,mfhlvdfqvtiaeilliimrtfkvsiwnldyiinliiknlsksltenkysqldeeqpmeid,England,europe,Human
>NOTT-250FB7,EPI_ISL_1178586,2021-02-23,61,mfhlvdfqvtiaeilliimrtfkvsiwnldyiinliiknlsksltenkysqldeeqpmeid,England,europe,Human
>NOTT-251BD0,EPI_ISL_1178693,2021-02-22,61,mfhlvdfqvtiaeilliimrtfkvsiwnldyiinliiknlsksltenkysqldeeqpmeid,England,europe,Human
>RAND-1219324,EPI_ISL_1180043,2021-01-28,61,mfhlvdfqvtiaeilliimrtfkvsiwnldyiinliiknlsksltenkysqldeeqpmeid,England,europe,Human
>NORW-22BB39,EPI_ISL_1178468,2021-01-28,61,mfhlvdfqvtiaeilliimrtfkvsiwnldyiinliiknlsksltenkysqldeeqpmeid,England,europe,Human
>NORW-22B52C,EPI_ISL_1178456,2021-01-28,61,mfhlvdfqvtiaeilliimrtfkvsiwnldyiinliiknlsksltenkysqldeeqpmeid,England,europe,Human
>NORT-1B99AE2,EPI_ISL_1178242,2021-01-18,61,mfhlvdfqvtiaeilliimrtfkvsiwnldyiinliiknlsksltenkysqldeeqpmeid,England,europe,Human
>NORT-1B8EA4A,EPI_ISL_1178169,2021-02-07,61,mfhlvdfqvtiaeilliimrtfkvsiwnldyiinliiknlsksltenkysqldeeqpmeid,England,europe,Human
>PORT-1E6E3D9,EPI_ISL_1179662,2021-02-12,61,mfhlvdfqvtiaeilliimrtfkvsiwnldyiinliiknlsksltenkysqldeeqpmeid,England,europe,Human
>NORT-1B8E8C8,EPI_ISL_1178157,2021-01-30,61,mfhlvdfqvtiaeilliimrtfkvsiwnldyiinliiknlsksltenkysqldeeqpmeid,England,europe,Human
>RAND-121847D,EPI_ISL_1179930,2021-01-28,61,mfhlvdfqvtiaeilliimrtfkvsiwnldyiinliiknlsksltenkysqldeeqpmeid,England,europe,Human
>NORT-1B8E594,EPI_ISL_1178138,2021-02-23,61,mfhlvdfqvtiaeilliimrtfkvsiwnldyiinliiknlsksltenkysqldeeqpmeid,England,europe,Human
>NORT-1B8F302,EPI_ISL_1178213,2021-01-25,61,mfhlvdfqvtiaeilliimrtfkvsiwnldyiinliiknlsksltenkysqldeeqpmeid,England,europe,Human
>MILK-13205BA,EPI_ISL_1178106,2021-02-21,61,mfhlvdfqvtiaeilliimrtfkvsvwnldyiinliiknlsksltenkysqldeeqpmeid,England,europe,Human
>NORW-22B2BC,EPI_ISL_1178439,2021-01-27,61,mfhlvdfqvtiaeilliimrtfkvsiwnldyiinliiknlsksltenkysqldeeqpmeid,England,europe,Human
>RAND-1218F6D,EPI_ISL_1180012,2021-01-29,61,mfhlvdfqvtiaeilliimrtfkvsiwnldyiinliiknlsksltenkysqldeeqpmeid,Northern Ireland,europe,Human
>NORT-29070E,EPI_ISL_1178407,2021-01-12,61,mfhlvdfqvtiaeilliimrtfkvsiwnldyiinliiknlsksltenkysqldeeqpmeid,England,europe,Human
>NC-IBV-97020625,EPI_ISL_1179813,2021-02-03,61,mfhlvdfqvtiaeilliimrtfkvsiwnldyiinliiknlsksltenkysqldeeqpmeid,Spain,europe,Human
>NC-IBV-97019760,EPI_ISL_1179710,2021-02-11,61,mfhlvdfqvtiaeilliimrtfkvsiwnldyiinliiknlsksltenkysqldeeqpmeid,Spain,europe,Human
>LOND-12FE2EC,EPI_ISL_1178025,2021-03-02,61,mfhlvdfqvtiaeilliimrtfkvsiwnldyiinliiknlsksltenkysqldeeqpmeid,England,europe,Human
>LIVE-E02DBE,EPI_ISL_1177948,2021-02-19,61,mfhlvdfqvtiaeilliimrtfkvsiwnldyiinliiknlsksltenkysqldeeqpmeid,England,europe,Human
>NORT-1BB5F96,EPI_ISL_1178330,2021-01-09,61,mfhlvdfqvtiaeilliimrtfkvsiwnldyiinliiknlsksltenkysqldeeqpmeid,England,europe,Human
>NORW-22D19F,EPI_ISL_1178524,2021-02-13,61,mfhlvdfqvtiaeilliimrtfkvsiwnldyiinliiknlsksltenkysqldeeqpmeid,England,europe,Human
>NOTT-2515E1,EPI_ISL_1178631,2021-02-17,61,mfhlvdfqvtiaeilliimrtfkvsiwnldyiinliiknlsksltenkysqldeeqpmeid,England,europe,Human
>TFCI-2706E12,EPI_ISL_1180131,2021-02-25,61,mfhlvdfqvtiaeilliimrtfkvsiwnldyiinliiknlsksltenkysqldeeqpmeid,England,europe,Human
